,GENE NAME,GENE ID
15470,SOD1,ENSG00000142168
15471,SOD2,ENSG00000112096
15472,SOD3,ENSG00000109610
15473,SOGA1,ENSG00000149639
15474,SOGA3,ENSG00000214338
15475,SOHLH1,ENSG00000165643
15476,SOHLH2,ENSG00000120669
15477,SON,ENSG00000159140
15478,SORBS1,ENSG00000095637
15479,SORBS2,ENSG00000154556
15480,SORBS3,ENSG00000120896
15481,SORCS1,ENSG00000108018
15482,SORCS2,ENSG00000184985
15483,SORCS3,ENSG00000156395
15484,SORD,ENSG00000140263
15485,SORL1,ENSG00000137642
15486,SORT1,ENSG00000134243
15487,SOS1,ENSG00000115904
15488,SOS2,ENSG00000100485
15489,SOST,ENSG00000167941
15490,SOSTDC1,ENSG00000171243
15491,SOWAHA,ENSG00000198944
15492,SOWAHB,ENSG00000186212
15493,SOWAHC,ENSG00000198142
15494,SOWAHD,ENSG00000187808
15495,SOX1,ENSG00000182968
15496,SOX2,ENSG00000181449
15497,SOX3,ENSG00000134595
15498,SOX4,ENSG00000124766
15499,SOX5,ENSG00000134532
15500,SOX6,ENSG00000110693
15501,SOX7,ENSG00000171056
15502,SOX8,ENSG00000005513
15503,SOX9,ENSG00000125398
15504,SOX10,ENSG00000100146
15505,SOX11,ENSG00000176887
15506,SOX12,ENSG00000177732
15507,SOX13,ENSG00000143842
15508,SOX14,ENSG00000168875
15509,SOX15,ENSG00000129194
15510,SOX17,ENSG00000164736
15511,SOX18,ENSG00000203883
15512,SOX21,ENSG00000125285
15513,SOX30,ENSG00000039600
15514,SP1,ENSG00000185591
15515,SP2,ENSG00000167182
15516,SP3,ENSG00000172845
15517,SP4,ENSG00000105866
15518,SP5,ENSG00000204335
15519,SP6,ENSG00000189120
15520,SP7,ENSG00000170374
15521,SP8,ENSG00000164651
15522,SP9,ENSG00000217236
15523,SP100,ENSG00000067066
15524,SP110,ENSG00000135899
15525,SP140,ENSG00000079263
15526,SP140L,ENSG00000185404
15527,SPA17,ENSG00000064199
15528,SPAAR,ENSG00000235387
15529,SPACA1,ENSG00000118434
15530,SPACA3,ENSG00000141316
15531,SPACA4,ENSG00000177202
15532,SPACA5,ENSG00000171489
15533,SPACA5B,ENSG00000171478
15534,SPACA6,ENSG00000182310
15535,SPACA7,ENSG00000153498
15536,SPACA9,ENSG00000165698
15537,SPACDR,ENSG00000185955
15538,SPADH,ENSG00000286135
15539,SPAG1,ENSG00000104450
15540,SPAG4,ENSG00000061656
15541,SPAG5,ENSG00000076382
15542,SPAG6,ENSG00000077327
15543,SPAG7,ENSG00000091640
15544,SPAG8,ENSG00000137098
15545,SPAG9,ENSG00000008294
15546,SPAG11A,ENSG00000178287
15547,SPAG11B,ENSG00000164871
15548,SPAG16,ENSG00000144451
15549,SPAG17,ENSG00000155761
15550,SPAM1,ENSG00000106304
15551,SPANXA1,ENSG00000198021
15552,SPANXA2,ENSG00000203926
15553,SPANXB1,ENSG00000227234
15554,SPANXC,ENSG00000198573
15555,SPANXD,ENSG00000196406
15556,SPANXN1,ENSG00000203923
15557,SPANXN2,ENSG00000268988
15558,SPANXN3,ENSG00000189252
15559,SPANXN4,ENSG00000189326
15560,SPANXN5,ENSG00000204363
15561,SPARC,ENSG00000113140
15562,SPARCL1,ENSG00000152583
15563,SPART,ENSG00000133104
15564,SPAST,ENSG00000021574
15565,SPATA1,ENSG00000122432
15566,SPATA2,ENSG00000158480
15567,SPATA2L,ENSG00000158792
15568,SPATA3,ENSG00000173699
15569,SPATA4,ENSG00000150628
15570,SPATA5,ENSG00000145375
15571,SPATA5L1,ENSG00000171763
15572,SPATA6,ENSG00000132122
15573,SPATA6L,ENSG00000106686
15574,SPATA7,ENSG00000042317
15575,SPATA9,ENSG00000145757
15576,SPATA12,ENSG00000186451
15577,SPATA13,ENSG00000182957
15578,SPATA16,ENSG00000144962
15579,SPATA17,ENSG00000162814
15580,SPATA18,ENSG00000163071
15581,SPATA19,ENSG00000166118
15582,SPATA20,ENSG00000006282
15583,SPATA21,ENSG00000187144
15584,SPATA22,ENSG00000141255
15585,SPATA24,ENSG00000170469
15586,SPATA25,ENSG00000149634
15587,SPATA31A1,ENSG00000204849
15588,SPATA31A3,ENSG00000275969
15589,SPATA31A5,ENSG00000276581
15590,SPATA31A6,ENSG00000185775
15591,SPATA31A7,ENSG00000276040
15592,SPATA31C1,ENSG00000230246
15593,SPATA31C2,ENSG00000177910
15594,SPATA31D1,ENSG00000214929
15595,SPATA31D3,ENSG00000186788
15596,SPATA31D4,ENSG00000189357
15597,SPATA31E1,ENSG00000177992
15598,SPATA32,ENSG00000184361
15599,SPATA33,ENSG00000167523
15600,SPATA45,ENSG00000185523
15601,SPATA46,ENSG00000171722
15602,SPATA48,ENSG00000164500
15603,SPATC1,ENSG00000186583
15604,SPATC1L,ENSG00000160284
15605,SPATS1,ENSG00000249481
15606,SPATS2,ENSG00000123352
15607,SPATS2L,ENSG00000196141
15608,SPC24,ENSG00000161888
15609,SPC25,ENSG00000152253
15610,SPCS1,ENSG00000114902
15611,SPCS2,ENSG00000118363
15612,SPCS3,ENSG00000129128
15613,SPDEF,ENSG00000124664
15614,SPDL1,ENSG00000040275
15615,SPDYA,ENSG00000163806
15616,SPDYC,ENSG00000204710
15617,SPDYE1,ENSG00000136206
15618,SPDYE2,ENSG00000205238
15619,SPDYE2B,ENSG00000173678
15620,SPDYE3,ENSG00000214300
15621,SPDYE4,ENSG00000183318
15622,SPDYE5,ENSG00000170092
15623,SPDYE6,ENSG00000260097
15624,SPDYE8,ENSG00000273520
15625,SPDYE9,ENSG00000262461
15626,SPDYE10,ENSG00000274570
15627,SPDYE11,ENSG00000286228
15628,SPDYE12,ENSG00000184616
15629,SPDYE13,ENSG00000286038
15630,SPDYE14,ENSG00000286137
15631,SPDYE15,ENSG00000286014
15632,SPDYE16,ENSG00000185040
15633,SPDYE17,ENSG00000186645
15634,SPDYE18,ENSG00000205482
15635,SPDYE21,ENSG00000230358
15636,SPECC1,ENSG00000128487
15637,SPECC1L,ENSG00000100014
15638,SPEF1,ENSG00000101222
15639,SPEF2,ENSG00000152582
15640,SPEG,ENSG00000072195
15641,SPEGNB,ENSG00000286095
15642,SPEM1,ENSG00000181323
15643,SPEM2,ENSG00000184560
15644,SPEM3,ENSG00000283439
15645,SPEN,ENSG00000065526
15646,SPESP1,ENSG00000258484
15647,SPG7,ENSG00000197912
15648,SPG11,ENSG00000104133
15649,SPG21,ENSG00000090487
15650,SPHK1,ENSG00000176170
15651,SPHK2,ENSG00000063176
15652,SPHKAP,ENSG00000153820
15653,SPI1,ENSG00000066336
15654,SPIB,ENSG00000269404
15655,SPIC,ENSG00000166211
15656,SPICE1,ENSG00000163611
15657,SPIDR,ENSG00000164808
15658,SPIN1,ENSG00000106723
15659,SPIN2A,ENSG00000147059
15660,SPIN2B,ENSG00000186787
15661,SPIN3,ENSG00000204271
15662,SPIN4,ENSG00000186767
15663,SPINDOC,ENSG00000168005
15664,SPINK1,ENSG00000164266
15665,SPINK2,ENSG00000128040
15666,SPINK4,ENSG00000122711
15667,SPINK5,ENSG00000133710
15668,SPINK6,ENSG00000178172
15669,SPINK7,ENSG00000145879
15670,SPINK8,ENSG00000229453
15671,SPINK9,ENSG00000204909
15672,SPINK13,ENSG00000214510
15673,SPINK14,ENSG00000196800
15674,SPINT1,ENSG00000166145
15675,SPINT2,ENSG00000167642
15676,SPINT3,ENSG00000101446
15677,SPINT4,ENSG00000149651
15678,SPIRE1,ENSG00000134278
15679,SPIRE2,ENSG00000204991
15680,SPN,ENSG00000197471
15681,SPNS1,ENSG00000169682
15682,SPNS2,ENSG00000183018
15683,SPNS3,ENSG00000182557
15684,SPO11,ENSG00000054796
15685,SPOCD1,ENSG00000134668
15686,SPOCK1,ENSG00000152377
15687,SPOCK2,ENSG00000107742
15688,SPOCK3,ENSG00000196104
15689,SPON1,ENSG00000262655
15690,SPON2,ENSG00000159674
15691,SPOP,ENSG00000121067
15692,SPOPL,ENSG00000144228
15693,SPOUT1,ENSG00000198917
15694,SPP1,ENSG00000118785
15695,SPP2,ENSG00000072080
15696,SPPL2A,ENSG00000138600
15697,SPPL2B,ENSG00000005206
15698,SPPL2C,ENSG00000185294
15699,SPPL3,ENSG00000157837
15700,SPR,ENSG00000116096
15701,SPRED1,ENSG00000166068
15702,SPRED2,ENSG00000198369
15703,SPRED3,ENSG00000188766
15704,SPRING1,ENSG00000111412
15705,SPRN,ENSG00000203772
15706,SPRR1A,ENSG00000169474
15707,SPRR1B,ENSG00000169469
15708,SPRR2A,ENSG00000241794
15709,SPRR2B,ENSG00000196805
15710,SPRR2D,ENSG00000163216
15711,SPRR2E,ENSG00000203785
15712,SPRR2F,ENSG00000244094
15713,SPRR2G,ENSG00000159516
15714,SPRR3,ENSG00000163209
15715,SPRR4,ENSG00000184148
15716,SPRR5,ENSG00000283227
15717,SPRTN,ENSG00000010072
15718,SPRY1,ENSG00000164056
15719,SPRY2,ENSG00000136158
15720,SPRY3,ENSG00000168939
15721,SPRY4,ENSG00000187678
15722,SPRYD3,ENSG00000167778
15723,SPRYD4,ENSG00000176422
15724,SPRYD7,ENSG00000123178
15725,SPSB1,ENSG00000171621
15726,SPSB2,ENSG00000111671
15727,SPSB3,ENSG00000162032
15728,SPSB4,ENSG00000175093
15729,SPTA1,ENSG00000163554
15730,SPTAN1,ENSG00000197694
15731,SPTB,ENSG00000070182
15732,SPTBN1,ENSG00000115306
15733,SPTBN2,ENSG00000173898
15734,SPTBN4,ENSG00000160460
15735,SPTBN5,ENSG00000137877
15736,SPTLC1,ENSG00000090054
15737,SPTLC2,ENSG00000100596
15738,SPTLC3,ENSG00000172296
15739,SPTSSA,ENSG00000165389
15740,SPTSSB,ENSG00000196542
15741,SPTY2D1,ENSG00000179119
15742,SPX,ENSG00000134548
15743,SPZ1,ENSG00000164299
15744,SQLE,ENSG00000104549
15745,SQOR,ENSG00000137767
15746,SQSTM1,ENSG00000161011
15747,SRA1,ENSG00000213523
15748,SRARP,ENSG00000183888
15749,SRBD1,ENSG00000068784
15750,SRC,ENSG00000197122
15751,SRCAP,ENSG00000080603
15752,SRCIN1,ENSG00000277363
15753,SRD5A1,ENSG00000145545
15754,SRD5A2,ENSG00000277893
15755,SRD5A3,ENSG00000128039
15756,SREBF1,ENSG00000072310
15757,SREBF2,ENSG00000198911
15758,SREK1,ENSG00000153914
15759,SREK1IP1,ENSG00000153006
15760,SRF,ENSG00000112658
15761,SRFBP1,ENSG00000151304
15762,SRGAP1,ENSG00000196935
15763,SRGAP2,ENSG00000266028
15764,SRGAP2B,ENSG00000196369
15765,SRGAP2C,ENSG00000171943
15766,SRGAP3,ENSG00000196220
15767,SRGN,ENSG00000122862
15768,SRI,ENSG00000075142
15769,SRL,ENSG00000185739
15770,SRM,ENSG00000116649
15771,SRMS,ENSG00000125508
15772,SRP9,ENSG00000143742
15773,SRP14,ENSG00000140319
15774,SRP19,ENSG00000153037
15775,SRP54,ENSG00000100883
15776,SRP68,ENSG00000167881
15777,SRP72,ENSG00000174780
15778,SRPK1,ENSG00000096063
15779,SRPK2,ENSG00000135250
15780,SRPK3,ENSG00000184343
15781,SRPRA,ENSG00000182934
15782,SRPRB,ENSG00000144867
15783,SRPX,ENSG00000101955
15784,SRPX2,ENSG00000102359
15785,SRR,ENSG00000167720
15786,SRRD,ENSG00000100104
15787,SRRM1,ENSG00000133226
15788,SRRM2,ENSG00000167978
15789,SRRM3,ENSG00000177679
15790,SRRM4,ENSG00000139767
15791,SRRM5,ENSG00000226763
15792,SRRT,ENSG00000087087
15793,SRSF1,ENSG00000136450
15794,SRSF2,ENSG00000161547
15795,SRSF3,ENSG00000112081
15796,SRSF4,ENSG00000116350
15797,SRSF5,ENSG00000100650
15798,SRSF6,ENSG00000124193
15799,SRSF7,ENSG00000115875
15800,SRSF8,ENSG00000263465
15801,SRSF9,ENSG00000111786
15802,SRSF10,ENSG00000188529
15803,SRSF11,ENSG00000116754
15804,SRSF12,ENSG00000154548
15805,SRXN1,ENSG00000271303
15806,SRY,ENSG00000184895
15807,SS18,ENSG00000141380
15808,SS18L1,ENSG00000184402
15809,SS18L2,ENSG00000008324
15810,SSB,ENSG00000138385
15811,SSBP1,ENSG00000106028
15812,SSBP2,ENSG00000145687
15813,SSBP3,ENSG00000157216
15814,SSBP4,ENSG00000130511
15815,SSC4D,ENSG00000146700
15816,SSC5D,ENSG00000179954
15817,SSH1,ENSG00000084112
15818,SSH2,ENSG00000141298
15819,SSH3,ENSG00000172830
15820,SSMEM1,ENSG00000165120
15821,SSNA1,ENSG00000176101
15822,SSPN,ENSG00000123096
15823,SSR1,ENSG00000124783
15824,SSR2,ENSG00000163479
15825,SSR3,ENSG00000114850
15826,SSR4,ENSG00000180879
15827,SSRP1,ENSG00000149136
15828,SST,ENSG00000157005
15829,SSTR1,ENSG00000139874
15830,SSTR2,ENSG00000180616
15831,SSTR3,ENSG00000278195
15832,SSTR4,ENSG00000132671
15833,SSTR5,ENSG00000162009
15834,SSU72,ENSG00000160075
15835,SSUH2,ENSG00000125046
15836,SSX1,ENSG00000126752
15837,SSX2,ENSG00000241476
15838,SSX2B,ENSG00000268447
15839,SSX2IP,ENSG00000117155
15840,SSX3,ENSG00000165584
15841,SSX4,ENSG00000268009
15842,SSX4B,ENSG00000269791
15843,SSX5,ENSG00000165583
15844,SSX7,ENSG00000187754
15845,ST3GAL1,ENSG00000008513
15846,ST3GAL2,ENSG00000157350
15847,ST3GAL3,ENSG00000126091
15848,ST3GAL4,ENSG00000110080
15849,ST3GAL5,ENSG00000115525
15850,ST3GAL6,ENSG00000064225
15851,ST6GAL1,ENSG00000073849
15852,ST6GAL2,ENSG00000144057
15853,ST6GALNAC1,ENSG00000070526
15854,ST6GALNAC2,ENSG00000070731
15855,ST6GALNAC3,ENSG00000184005
15856,ST6GALNAC4,ENSG00000136840
15857,ST6GALNAC5,ENSG00000117069
15858,ST6GALNAC6,ENSG00000160408
15859,ST7,ENSG00000004866
15860,ST7L,ENSG00000007341
15861,ST8SIA1,ENSG00000111728
15862,ST8SIA2,ENSG00000140557
15863,ST8SIA3,ENSG00000177511
15864,ST8SIA4,ENSG00000113532
15865,ST8SIA5,ENSG00000101638
15866,ST8SIA6,ENSG00000148488
15867,ST13,ENSG00000100380
15868,ST14,ENSG00000149418
15869,ST18,ENSG00000147488
15870,STAB1,ENSG00000010327
15871,STAB2,ENSG00000136011
15872,STAC,ENSG00000144681
15873,STAC2,ENSG00000141750
15874,STAC3,ENSG00000185482
15875,STAG1,ENSG00000118007
15876,STAG2,ENSG00000101972
15877,STAG3,ENSG00000066923
15878,STAM,ENSG00000136738
15879,STAM2,ENSG00000115145
15880,STAMBP,ENSG00000124356
15881,STAMBPL1,ENSG00000138134
15882,STAP1,ENSG00000035720
15883,STAP2,ENSG00000178078
15884,STAR,ENSG00000147465
15885,STARD3,ENSG00000131748
15886,STARD3NL,ENSG00000010270
15887,STARD4,ENSG00000164211
15888,STARD5,ENSG00000172345
15889,STARD6,ENSG00000174448
15890,STARD7,ENSG00000084090
15891,STARD8,ENSG00000130052
15892,STARD9,ENSG00000159433
15893,STARD10,ENSG00000214530
15894,STARD13,ENSG00000133121
15895,STAT1,ENSG00000115415
15896,STAT2,ENSG00000170581
15897,STAT3,ENSG00000168610
15898,STAT4,ENSG00000138378
15899,STAT5A,ENSG00000126561
15900,STAT5B,ENSG00000173757
15901,STAT6,ENSG00000166888
15902,STATH,ENSG00000126549
15903,STAU1,ENSG00000124214
15904,STAU2,ENSG00000040341
15905,STBD1,ENSG00000118804
15906,STC1,ENSG00000159167
15907,STC2,ENSG00000113739
15908,STEAP1,ENSG00000164647
15909,STEAP1B,ENSG00000105889
15910,STEAP2,ENSG00000157214
15911,STEAP3,ENSG00000115107
15912,STEAP4,ENSG00000127954
15913,STEEP1,ENSG00000018610
15914,STH,ENSG00000256762
15915,STIL,ENSG00000123473
15916,STIM1,ENSG00000167323
15917,STIM2,ENSG00000109689
15918,STIMATE,ENSG00000213533
15919,STING1,ENSG00000184584
15920,STIP1,ENSG00000168439
15921,STK3,ENSG00000104375
15922,STK4,ENSG00000101109
15923,STK10,ENSG00000072786
15924,STK11,ENSG00000118046
15925,STK11IP,ENSG00000144589
15926,STK16,ENSG00000115661
15927,STK17A,ENSG00000164543
15928,STK17B,ENSG00000081320
15929,STK19,ENSG00000204344
15930,STK24,ENSG00000102572
15931,STK25,ENSG00000115694
15932,STK26,ENSG00000134602
15933,STK31,ENSG00000196335
15934,STK32A,ENSG00000169302
15935,STK32B,ENSG00000152953
15936,STK32C,ENSG00000165752
15937,STK33,ENSG00000130413
15938,STK35,ENSG00000125834
15939,STK36,ENSG00000163482
15940,STK38,ENSG00000112079
15941,STK38L,ENSG00000211455
15942,STK39,ENSG00000198648
15943,STK40,ENSG00000196182
15944,STKLD1,ENSG00000198870
15945,STMN1,ENSG00000117632
15946,STMN2,ENSG00000104435
15947,STMN3,ENSG00000197457
15948,STMN4,ENSG00000015592
15949,STMND1,ENSG00000230873
15950,STMP1,ENSG00000243317
15951,STN1,ENSG00000107960
15952,STOM,ENSG00000148175
15953,STOML1,ENSG00000067221
15954,STOML2,ENSG00000165283
15955,STOML3,ENSG00000133115
15956,STON1,ENSG00000243244
15957,STON2,ENSG00000140022
15958,STOX1,ENSG00000165730
15959,STOX2,ENSG00000173320
15960,STPG1,ENSG00000001460
15961,STPG2,ENSG00000163116
15962,STPG3,ENSG00000197768
15963,STPG4,ENSG00000239605
15964,STRA6,ENSG00000137868
15965,STRA8,ENSG00000146857
15966,STRADA,ENSG00000266173
15967,STRADB,ENSG00000082146
15968,STRAP,ENSG00000023734
15969,STRBP,ENSG00000165209
15970,STRC,ENSG00000242866
15971,STRIP1,ENSG00000143093
15972,STRIP2,ENSG00000128578
15973,STRIT1,ENSG00000240045
15974,STRN,ENSG00000115808
15975,STRN3,ENSG00000196792
15976,STRN4,ENSG00000090372
15977,STS,ENSG00000101846
15978,STT3A,ENSG00000134910
15979,STT3B,ENSG00000163527
15980,STUB1,ENSG00000103266
15981,STUM,ENSG00000203685
15982,STX1A,ENSG00000106089
15983,STX1B,ENSG00000099365
15984,STX2,ENSG00000111450
15985,STX3,ENSG00000166900
15986,STX4,ENSG00000103496
15987,STX5,ENSG00000162236
15988,STX6,ENSG00000135823
15989,STX7,ENSG00000079950
15990,STX8,ENSG00000170310
15991,STX10,ENSG00000104915
15992,STX11,ENSG00000135604
15993,STX12,ENSG00000117758
15994,STX16,ENSG00000124222
15995,STX17,ENSG00000136874
15996,STX18,ENSG00000168818
15997,STX19,ENSG00000178750
15998,STXBP1,ENSG00000136854
15999,STXBP2,ENSG00000076944
16000,STXBP3,ENSG00000116266
16001,STXBP4,ENSG00000166263
16002,STXBP5,ENSG00000164506
16003,STXBP5L,ENSG00000145087
16004,STXBP6,ENSG00000168952
16005,STYK1,ENSG00000060140
16006,STYX,ENSG00000198252
16007,STYXL1,ENSG00000127952
16008,STYXL2,ENSG00000198842
16009,SUB1,ENSG00000113387
16010,SUCLA2,ENSG00000136143
16011,SUCLG1,ENSG00000163541
16012,SUCLG2,ENSG00000172340
16013,SUCNR1,ENSG00000198829
16014,SUCO,ENSG00000094975
16015,SUDS3,ENSG00000111707
16016,SUFU,ENSG00000107882
16017,SUGCT,ENSG00000175600
16018,SUGP1,ENSG00000105705
16019,SUGP2,ENSG00000064607
16020,SUGT1,ENSG00000165416
16021,SULF1,ENSG00000137573
16022,SULF2,ENSG00000196562
16023,SULT1A1,ENSG00000196502
16024,SULT1A2,ENSG00000197165
16025,SULT1A3,ENSG00000261052
16026,SULT1A4,ENSG00000213648
16027,SULT1B1,ENSG00000173597
16028,SULT1C2,ENSG00000198203
16029,SULT1C3,ENSG00000196228
16030,SULT1C4,ENSG00000198075
16031,SULT1E1,ENSG00000109193
16032,SULT2A1,ENSG00000105398
16033,SULT2B1,ENSG00000088002
16034,SULT4A1,ENSG00000130540
16035,SULT6B1,ENSG00000138068
16036,SUMF1,ENSG00000144455
16037,SUMF2,ENSG00000129103
16038,SUMO1,ENSG00000116030
16039,SUMO2,ENSG00000188612
16040,SUMO3,ENSG00000184900
16041,SUMO4,ENSG00000177688
16042,SUN1,ENSG00000164828
16043,SUN2,ENSG00000100242
16044,SUN3,ENSG00000164744
16045,SUN5,ENSG00000167098
16046,SUOX,ENSG00000139531
16047,SUPT3H,ENSG00000196284
16048,SUPT4H1,ENSG00000213246
16049,SUPT5H,ENSG00000196235
16050,SUPT6H,ENSG00000109111
16051,SUPT7L,ENSG00000119760
16052,SUPT16H,ENSG00000092201
16053,SUPT20H,ENSG00000102710
16054,SUPT20HL1,ENSG00000223731
16055,SUPT20HL2,ENSG00000223611
16056,SUPV3L1,ENSG00000156502
16057,SURF1,ENSG00000148290
16058,SURF2,ENSG00000148291
16059,SURF4,ENSG00000148248
16060,SURF6,ENSG00000148296
16061,SUSD1,ENSG00000106868
16062,SUSD2,ENSG00000099994
16063,SUSD3,ENSG00000157303
16064,SUSD4,ENSG00000143502
16065,SUSD5,ENSG00000173705
16066,SUSD6,ENSG00000100647
16067,SUV39H1,ENSG00000101945
16068,SUV39H2,ENSG00000152455
16069,SUZ12,ENSG00000178691
16070,SV2A,ENSG00000159164
16071,SV2B,ENSG00000185518
16072,SV2C,ENSG00000122012
16073,SVBP,ENSG00000177868
16074,SVEP1,ENSG00000165124
16075,SVIL,ENSG00000197321
16076,SVIP,ENSG00000198168
16077,SVOP,ENSG00000166111
16078,SVOPL,ENSG00000157703
16079,SWAP70,ENSG00000133789
16080,SWI5,ENSG00000175854
16081,SWSAP1,ENSG00000173928
16082,SWT1,ENSG00000116668
16083,SYAP1,ENSG00000169895
16084,SYBU,ENSG00000147642
16085,SYCE1,ENSG00000171772
16086,SYCE1L,ENSG00000205078
16087,SYCE2,ENSG00000161860
16088,SYCE3,ENSG00000217442
16089,SYCN,ENSG00000179751
16090,SYCP1,ENSG00000198765
16091,SYCP2,ENSG00000196074
16092,SYCP2L,ENSG00000153157
16093,SYCP3,ENSG00000139351
16094,SYDE1,ENSG00000105137
16095,SYDE2,ENSG00000097096
16096,SYF2,ENSG00000117614
16097,SYK,ENSG00000165025
16098,SYMPK,ENSG00000125755
16099,SYN1,ENSG00000008056
16100,SYN2,ENSG00000157152
16101,SYN3,ENSG00000185666
16102,SYNC,ENSG00000162520
16103,SYNCRIP,ENSG00000135316
16104,SYNDIG1,ENSG00000101463
16105,SYNDIG1L,ENSG00000183379
16106,SYNE1,ENSG00000131018
16107,SYNE2,ENSG00000054654
16108,SYNE3,ENSG00000176438
16109,SYNE4,ENSG00000181392
16110,SYNGAP1,ENSG00000197283
16111,SYNGR1,ENSG00000100321
16112,SYNGR2,ENSG00000108639
16113,SYNGR3,ENSG00000127561
16114,SYNGR4,ENSG00000105467
16115,SYNJ1,ENSG00000159082
16116,SYNJ2,ENSG00000078269
16117,SYNJ2BP,ENSG00000213463
16118,SYNM,ENSG00000182253
16119,SYNPO,ENSG00000171992
16120,SYNPO2,ENSG00000172403
16121,SYNPO2L,ENSG00000166317
16122,SYNPR,ENSG00000163630
16123,SYNRG,ENSG00000275066
16124,SYP,ENSG00000102003
16125,SYPL1,ENSG00000008282
16126,SYPL2,ENSG00000143028
16127,SYS1,ENSG00000204070
16128,SYT1,ENSG00000067715
16129,SYT2,ENSG00000143858
16130,SYT3,ENSG00000213023
16131,SYT4,ENSG00000132872
16132,SYT5,ENSG00000129990
16133,SYT6,ENSG00000134207
16134,SYT7,ENSG00000011347
16135,SYT8,ENSG00000149043
16136,SYT9,ENSG00000170743
16137,SYT10,ENSG00000110975
16138,SYT11,ENSG00000132718
16139,SYT12,ENSG00000173227
16140,SYT13,ENSG00000019505
16141,SYT14,ENSG00000143469
16142,SYT15,ENSG00000204176
16143,SYT15B,ENSG00000277758
16144,SYT16,ENSG00000139973
16145,SYT17,ENSG00000103528
16146,SYTL1,ENSG00000142765
16147,SYTL2,ENSG00000137501
16148,SYTL3,ENSG00000164674
16149,SYTL4,ENSG00000102362
16150,SYTL5,ENSG00000147041
16151,SYVN1,ENSG00000162298
16152,SZRD1,ENSG00000055070
16153,SZT2,ENSG00000198198
16154,TAAR1,ENSG00000146399
16155,TAAR2,ENSG00000146378
16156,TAAR5,ENSG00000135569
16157,TAAR6,ENSG00000146383
16158,TAAR8,ENSG00000146385
16159,TAAR9,ENSG00000237110
16160,TAB1,ENSG00000100324
16161,TAB2,ENSG00000055208
16162,TAB3,ENSG00000157625
16163,TAC1,ENSG00000006128
16164,TAC3,ENSG00000166863
16165,TAC4,ENSG00000176358
16166,TACC1,ENSG00000147526
16167,TACC2,ENSG00000138162
16168,TACC3,ENSG00000013810
16169,TACO1,ENSG00000136463
16170,TACR1,ENSG00000115353
16171,TACR2,ENSG00000075073
16172,TACR3,ENSG00000169836
16173,TACSTD2,ENSG00000184292
16174,TADA1,ENSG00000152382
16175,TADA2A,ENSG00000276234
16176,TADA2B,ENSG00000173011
16177,TADA3,ENSG00000171148
16178,TAF1,ENSG00000147133
16179,TAF1A,ENSG00000143498
16180,TAF1B,ENSG00000115750
16181,TAF1C,ENSG00000103168
16182,TAF1D,ENSG00000166012
16183,TAF1L,ENSG00000122728
16184,TAF2,ENSG00000064313
16185,TAF3,ENSG00000165632
16186,TAF4,ENSG00000130699
16187,TAF4B,ENSG00000141384
16188,TAF5,ENSG00000148835
16189,TAF5L,ENSG00000135801
16190,TAF6,ENSG00000106290
16191,TAF6L,ENSG00000162227
16192,TAF7,ENSG00000178913
16193,TAF7L,ENSG00000102387
16194,TAF8,ENSG00000137413
16195,TAF9,ENSG00000273841
16196,TAF9B,ENSG00000187325
16197,TAF10,ENSG00000166337
16198,TAF11,ENSG00000064995
16199,TAF11L2,ENSG00000284373
16200,TAF11L3,ENSG00000284439
16201,TAF11L4,ENSG00000284283
16202,TAF11L5,ENSG00000284234
16203,TAF11L6,ENSG00000284042
16204,TAF11L7,ENSG00000284465
16205,TAF11L8,ENSG00000283967
16206,TAF11L9,ENSG00000283988
16207,TAF11L10,ENSG00000284356
16208,TAF11L11,ENSG00000283740
16209,TAF11L12,ENSG00000249156
16210,TAF11L13,ENSG00000283776
16211,TAF11L14,ENSG00000250782
16212,TAF12,ENSG00000120656
16213,TAF13,ENSG00000197780
16214,TAF15,ENSG00000270647
16215,TAFA1,ENSG00000183662
16216,TAFA2,ENSG00000198673
16217,TAFA3,ENSG00000184599
16218,TAFA4,ENSG00000163377
16219,TAFA5,ENSG00000219438
16220,TAFAZZIN,ENSG00000102125
16221,TAGAP,ENSG00000164691
16222,TAGLN,ENSG00000149591
16223,TAGLN2,ENSG00000158710
16224,TAGLN3,ENSG00000144834
16225,TAL1,ENSG00000162367
16226,TAL2,ENSG00000186051
16227,TALDO1,ENSG00000177156
16228,TAMALIN,ENSG00000161835
16229,TAMM41,ENSG00000144559
16230,TANC1,ENSG00000115183
16231,TANC2,ENSG00000170921
16232,TANGO2,ENSG00000183597
16233,TANGO6,ENSG00000103047
16234,TANK,ENSG00000136560
16235,TAOK1,ENSG00000160551
16236,TAOK2,ENSG00000149930
16237,TAOK3,ENSG00000135090
16238,TAP1,ENSG00000168394
16239,TAP2,ENSG00000204267
16240,TAPBP,ENSG00000231925
16241,TAPBPL,ENSG00000139192
16242,TAPT1,ENSG00000169762
16243,TARBP1,ENSG00000059588
16244,TARBP2,ENSG00000139546
16245,TARDBP,ENSG00000120948
16246,TARM1,ENSG00000248385
16247,TARS1,ENSG00000113407
16248,TARS2,ENSG00000143374
16249,TARS3,ENSG00000185418
16250,TAS1R1,ENSG00000173662
16251,TAS1R2,ENSG00000179002
16252,TAS1R3,ENSG00000169962
16253,TAS2R1,ENSG00000169777
16254,TAS2R3,ENSG00000127362
16255,TAS2R4,ENSG00000127364
16256,TAS2R5,ENSG00000127366
16257,TAS2R7,ENSG00000121377
16258,TAS2R8,ENSG00000121314
16259,TAS2R9,ENSG00000121381
16260,TAS2R10,ENSG00000121318
16261,TAS2R13,ENSG00000212128
16262,TAS2R14,ENSG00000212127
16263,TAS2R16,ENSG00000128519
16264,TAS2R19,ENSG00000212124
16265,TAS2R20,ENSG00000255837
16267,TAS2R31,ENSG00000256436
16270,TAS2R38,ENSG00000257138
16271,TAS2R39,ENSG00000236398
16272,TAS2R40,ENSG00000221937
16273,TAS2R41,ENSG00000221855
16274,TAS2R42,ENSG00000186136
16275,TAS2R43,ENSG00000255374
16276,TAS2R46,ENSG00000226761
16277,TAS2R50,ENSG00000212126
16278,TAS2R60,ENSG00000185899
16279,TASL,ENSG00000120280
16280,TASOR,ENSG00000163946
16281,TASOR2,ENSG00000108021
16282,TASP1,ENSG00000089123
16283,TAT,ENSG00000198650
16284,TATDN1,ENSG00000147687
16285,TATDN2,ENSG00000157014
16286,TATDN3,ENSG00000203705
16287,TAX1BP1,ENSG00000106052
16288,TAX1BP3,ENSG00000213977
16289,TBATA,ENSG00000166220
16290,TBC1D1,ENSG00000065882
16291,TBC1D2,ENSG00000095383
16292,TBC1D2B,ENSG00000167202
16293,TBC1D3,ENSG00000274611
16294,TBC1D3B,ENSG00000274808
16295,TBC1D3C,ENSG00000278299
16296,TBC1D3D,ENSG00000274419
16297,TBC1D3E,ENSG00000278599
16298,TBC1D3F,ENSG00000275954
16299,TBC1D3G,ENSG00000260287
16300,TBC1D3H,ENSG00000274226
16301,TBC1D3I,ENSG00000274933
16302,TBC1D3K,ENSG00000273513
16303,TBC1D3L,ENSG00000274512
16304,TBC1D4,ENSG00000136111
16305,TBC1D5,ENSG00000131374
16306,TBC1D7,ENSG00000145979
16307,TBC1D8,ENSG00000204634
16308,TBC1D8B,ENSG00000133138
16309,TBC1D9,ENSG00000109436
16310,TBC1D9B,ENSG00000197226
16311,TBC1D10A,ENSG00000099992
16312,TBC1D10B,ENSG00000169221
16313,TBC1D10C,ENSG00000175463
16314,TBC1D12,ENSG00000108239
16315,TBC1D13,ENSG00000107021
16316,TBC1D14,ENSG00000132405
16317,TBC1D15,ENSG00000121749
16318,TBC1D16,ENSG00000167291
16319,TBC1D17,ENSG00000104946
16320,TBC1D19,ENSG00000109680
16321,TBC1D20,ENSG00000125875
16322,TBC1D21,ENSG00000167139
16323,TBC1D22A,ENSG00000054611
16324,TBC1D22B,ENSG00000065491
16325,TBC1D23,ENSG00000036054
16326,TBC1D24,ENSG00000162065
16327,TBC1D25,ENSG00000068354
16328,TBC1D26,ENSG00000214946
16329,TBC1D28,ENSG00000189375
16330,TBC1D30,ENSG00000111490
16331,TBC1D31,ENSG00000156787
16332,TBC1D32,ENSG00000146350
16333,TBCA,ENSG00000171530
16334,TBCB,ENSG00000105254
16335,TBCC,ENSG00000124659
16336,TBCCD1,ENSG00000113838
16337,TBCD,ENSG00000141556
16338,TBCE,ENSG00000284770
16339,TBCEL,ENSG00000154114
16340,TBCK,ENSG00000145348
16341,TBK1,ENSG00000183735
16342,TBKBP1,ENSG00000198933
16343,TBL1X,ENSG00000101849
16344,TBL1XR1,ENSG00000177565
16345,TBL1Y,ENSG00000092377
16346,TBL2,ENSG00000106638
16347,TBL3,ENSG00000183751
16348,TBP,ENSG00000112592
16349,TBPL1,ENSG00000028839
16350,TBPL2,ENSG00000182521
16351,TBR1,ENSG00000136535
16352,TBRG1,ENSG00000154144
16353,TBRG4,ENSG00000136270
16354,TBX1,ENSG00000184058
16355,TBX2,ENSG00000121068
16356,TBX3,ENSG00000135111
16357,TBX4,ENSG00000121075
16358,TBX5,ENSG00000089225
16359,TBX6,ENSG00000149922
16360,TBX10,ENSG00000167800
16361,TBX15,ENSG00000092607
16362,TBX18,ENSG00000112837
16363,TBX19,ENSG00000143178
16364,TBX20,ENSG00000164532
16365,TBX21,ENSG00000073861
16366,TBX22,ENSG00000122145
16367,TBXA2R,ENSG00000006638
16368,TBXAS1,ENSG00000059377
16369,TBXT,ENSG00000164458
16370,TC2N,ENSG00000165929
16371,TCAF1,ENSG00000198420
16372,TCAF2,ENSG00000170379
16373,TCAIM,ENSG00000179152
16374,TCAP,ENSG00000173991
16375,TCEA1,ENSG00000187735
16376,TCEA2,ENSG00000171703
16377,TCEA3,ENSG00000204219
16378,TCEAL1,ENSG00000172465
16379,TCEAL2,ENSG00000184905
16380,TCEAL3,ENSG00000196507
16381,TCEAL4,ENSG00000133142
16382,TCEAL5,ENSG00000204065
16383,TCEAL6,ENSG00000204071
16384,TCEAL7,ENSG00000182916
16385,TCEAL8,ENSG00000180964
16386,TCEAL9,ENSG00000185222
16387,TCEANC,ENSG00000176896
16388,TCEANC2,ENSG00000116205
16389,TCERG1,ENSG00000113649
16390,TCERG1L,ENSG00000176769
16391,TCF3,ENSG00000071564
16392,TCF4,ENSG00000196628
16393,TCF7,ENSG00000081059
16394,TCF7L1,ENSG00000152284
16395,TCF7L2,ENSG00000148737
16396,TCF12,ENSG00000140262
16397,TCF15,ENSG00000125878
16398,TCF19,ENSG00000137310
16399,TCF20,ENSG00000100207
16400,TCF21,ENSG00000118526
16401,TCF23,ENSG00000163792
16402,TCF24,ENSG00000261787
16403,TCF25,ENSG00000141002
16404,TCFL5,ENSG00000101190
16405,TCHH,ENSG00000159450
16406,TCHHL1,ENSG00000182898
16407,TCHP,ENSG00000139437
16408,TCIM,ENSG00000176907
16409,TCIRG1,ENSG00000110719
16410,TCL1A,ENSG00000100721
16411,TCL1B,ENSG00000213231
16412,TCN1,ENSG00000134827
16413,TCN2,ENSG00000185339
16414,TCOF1,ENSG00000070814
16415,TCP1,ENSG00000120438
16416,TCP10L,ENSG00000242220
16417,TCP11,ENSG00000124678
16418,TCP11L1,ENSG00000176148
16419,TCP11L2,ENSG00000166046
16420,TCP11X1,ENSG00000268235
16421,TCP11X2,ENSG00000215029
16422,TCTA,ENSG00000145022
16423,TCTE1,ENSG00000146221
16424,TCTN1,ENSG00000204852
16425,TCTN2,ENSG00000168778
16426,TCTN3,ENSG00000119977
16427,TDG,ENSG00000139372
16428,TDGF1,ENSG00000241186
16429,TDO2,ENSG00000151790
16430,TDP1,ENSG00000042088
16431,TDP2,ENSG00000111802
16432,TDRD1,ENSG00000095627
16433,TDRD3,ENSG00000083544
16434,TDRD5,ENSG00000162782
16435,TDRD6,ENSG00000180113
16436,TDRD7,ENSG00000196116
16437,TDRD9,ENSG00000156414
16438,TDRD10,ENSG00000163239
16439,TDRD12,ENSG00000173809
16440,TDRD15,ENSG00000218819
16441,TDRKH,ENSG00000182134
16442,TDRP,ENSG00000180190
16443,TEAD1,ENSG00000187079
16444,TEAD2,ENSG00000074219
16445,TEAD3,ENSG00000007866
16446,TEAD4,ENSG00000197905
16447,TEC,ENSG00000135605
16448,TECPR1,ENSG00000205356
16449,TECPR2,ENSG00000196663
16450,TECR,ENSG00000099797
16451,TECRL,ENSG00000205678
16452,TECTA,ENSG00000109927
16453,TECTB,ENSG00000119913
16454,TEDC1,ENSG00000185347
16455,TEDC2,ENSG00000162062
16456,TEDDM1,ENSG00000203730
16457,TEF,ENSG00000167074
16458,TEFM,ENSG00000172171
16459,TEK,ENSG00000120156
16460,TEKT1,ENSG00000167858
16461,TEKT2,ENSG00000092850
16462,TEKT3,ENSG00000125409
16463,TEKT4,ENSG00000163060
16464,TEKT5,ENSG00000153060
16465,TEKTIP1,ENSG00000183397
16466,TELO2,ENSG00000100726
16467,TEN1,ENSG00000257949
16468,TENM1,ENSG00000009694
16469,TENM2,ENSG00000145934
16470,TENM3,ENSG00000218336
16471,TENM4,ENSG00000149256
16472,TENT2,ENSG00000164329
16473,TENT4A,ENSG00000112941
16474,TENT4B,ENSG00000121274
16475,TENT5A,ENSG00000112773
16476,TENT5B,ENSG00000158246
16477,TENT5C,ENSG00000183508
16478,TENT5D,ENSG00000174016
16479,TEP1,ENSG00000129566
16480,TEPP,ENSG00000159648
16481,TEPSIN,ENSG00000167302
16482,TERB1,ENSG00000249961
16483,TERB2,ENSG00000167014
16484,TERF1,ENSG00000147601
16485,TERF2,ENSG00000132604
16486,TERF2IP,ENSG00000166848
16487,TERT,ENSG00000164362
16488,TES,ENSG00000135269
16489,TESC,ENSG00000088992
16490,TESK1,ENSG00000107140
16491,TESK2,ENSG00000070759
16492,TESMIN,ENSG00000132749
16493,TESPA1,ENSG00000135426
16494,TET1,ENSG00000138336
16495,TET2,ENSG00000168769
16496,TET3,ENSG00000187605
16497,TEX2,ENSG00000136478
16498,TEX9,ENSG00000151575
16499,TEX10,ENSG00000136891
16500,TEX11,ENSG00000120498
16501,TEX12,ENSG00000150783
16502,TEX13A,ENSG00000268629
16503,TEX13B,ENSG00000170925
16504,TEX13C,ENSG00000282815
16505,TEX13D,ENSG00000282419
16506,TEX14,ENSG00000121101
16507,TEX15,ENSG00000133863
16508,TEX19,ENSG00000182459
16509,TEX22,ENSG00000226174
16510,TEX26,ENSG00000175664
16511,TEX28,ENSG00000278057
16512,TEX29,ENSG00000153495
16513,TEX30,ENSG00000151287
16514,TEX33,ENSG00000185264
16515,TEX35,ENSG00000240021
16516,TEX36,ENSG00000175018
16517,TEX37,ENSG00000172073
16518,TEX38,ENSG00000186118
16519,TEX43,ENSG00000196900
16520,TEX44,ENSG00000177673
16521,TEX45,ENSG00000198723
16522,TEX46,ENSG00000227868
16523,TEX47,ENSG00000164645
16524,TEX48,ENSG00000230601
16525,TEX49,ENSG00000257987
16526,TEX50,ENSG00000232113
16527,TEX51,ENSG00000237524
16528,TEX52,ENSG00000283297
16529,TEX53,ENSG00000230054
16530,TEX54,ENSG00000283268
16531,TEX55,ENSG00000163424
16532,TEX101,ENSG00000131126
16533,TEX261,ENSG00000144043
16534,TEX264,ENSG00000164081
16535,TF,ENSG00000091513
16536,TFAM,ENSG00000108064
16537,TFAP2A,ENSG00000137203
16538,TFAP2B,ENSG00000008196
16539,TFAP2C,ENSG00000087510
16540,TFAP2D,ENSG00000008197
16541,TFAP2E,ENSG00000116819
16542,TFAP4,ENSG00000090447
16543,TFB1M,ENSG00000029639
16544,TFB2M,ENSG00000162851
16545,TFCP2,ENSG00000135457
16546,TFCP2L1,ENSG00000115112
16547,TFDP1,ENSG00000198176
16548,TFDP2,ENSG00000114126
16549,TFDP3,ENSG00000183434
16550,TFE3,ENSG00000068323
16551,TFEB,ENSG00000112561
16552,TFEC,ENSG00000105967
16553,TFF1,ENSG00000160182
16554,TFF2,ENSG00000160181
16555,TFF3,ENSG00000160180
16556,TFG,ENSG00000114354
16557,TFIP11,ENSG00000100109
16558,TFPI,ENSG00000003436
16559,TFPI2,ENSG00000105825
16560,TFPT,ENSG00000105619
16561,TFR2,ENSG00000106327
16562,TFRC,ENSG00000072274
16563,TG,ENSG00000042832
16564,TGDS,ENSG00000088451
16565,TGFA,ENSG00000163235
16566,TGFB1,ENSG00000105329
16567,TGFB1I1,ENSG00000140682
16568,TGFB2,ENSG00000092969
16569,TGFB3,ENSG00000119699
16570,TGFBI,ENSG00000120708
16571,TGFBR1,ENSG00000106799
16572,TGFBR2,ENSG00000163513
16573,TGFBR3,ENSG00000069702
16574,TGFBR3L,ENSG00000260001
16575,TGFBRAP1,ENSG00000135966
16576,TGIF1,ENSG00000177426
16577,TGIF2,ENSG00000118707
16578,TGIF2LX,ENSG00000153779
16579,TGIF2LY,ENSG00000176679
16580,TGM1,ENSG00000092295
16581,TGM2,ENSG00000198959
16582,TGM3,ENSG00000125780
16583,TGM4,ENSG00000163810
16584,TGM5,ENSG00000104055
16585,TGM6,ENSG00000166948
16586,TGM7,ENSG00000159495
16587,TGOLN2,ENSG00000152291
16588,TGS1,ENSG00000137574
16589,TH,ENSG00000180176
16590,THADA,ENSG00000115970
16591,THAP1,ENSG00000131931
16592,THAP2,ENSG00000173451
16593,THAP3,ENSG00000041988
16594,THAP4,ENSG00000176946
16595,THAP5,ENSG00000177683
16596,THAP6,ENSG00000174796
16597,THAP7,ENSG00000184436
16598,THAP8,ENSG00000161277
16599,THAP9,ENSG00000168152
16600,THAP10,ENSG00000129028
16601,THAP11,ENSG00000168286
16602,THAP12,ENSG00000137492
16603,THBD,ENSG00000178726
16604,THBS1,ENSG00000137801
16605,THBS2,ENSG00000186340
16606,THBS3,ENSG00000169231
16607,THBS4,ENSG00000113296
16608,THEG,ENSG00000105549
16609,THEGL,ENSG00000249693
16610,THEM4,ENSG00000159445
16611,THEM5,ENSG00000196407
16612,THEM6,ENSG00000130193
16613,THEMIS,ENSG00000172673
16614,THEMIS2,ENSG00000130775
16615,THG1L,ENSG00000113272
16616,THNSL1,ENSG00000185875
16617,THNSL2,ENSG00000144115
16618,THOC1,ENSG00000079134
16619,THOC2,ENSG00000125676
16620,THOC3,ENSG00000051596
16621,THOC5,ENSG00000100296
16622,THOC6,ENSG00000131652
16623,THOC7,ENSG00000163634
16624,THOP1,ENSG00000172009
16625,THPO,ENSG00000090534
16626,THRA,ENSG00000126351
16627,THRAP3,ENSG00000054118
16628,THRB,ENSG00000151090
16629,THRSP,ENSG00000151365
16630,THSD1,ENSG00000136114
16631,THSD4,ENSG00000187720
16632,THSD7A,ENSG00000005108
16633,THSD7B,ENSG00000144229
16634,THSD8,ENSG00000284491
16635,THTPA,ENSG00000259431
16636,THUMPD1,ENSG00000066654
16637,THUMPD2,ENSG00000138050
16638,THUMPD3,ENSG00000134077
16639,THY1,ENSG00000154096
16640,THYN1,ENSG00000151500
16641,TIA1,ENSG00000116001
16642,TIAL1,ENSG00000151923
16643,TIAM1,ENSG00000156299
16644,TIAM2,ENSG00000146426
16645,TICAM1,ENSG00000127666
16646,TICAM2,ENSG00000243414
16647,TICRR,ENSG00000140534
16648,TIE1,ENSG00000066056
16649,TIFA,ENSG00000145365
16650,TIFAB,ENSG00000255833
16651,TIGAR,ENSG00000078237
16652,TIGD1,ENSG00000221944
16653,TIGD2,ENSG00000180346
16654,TIGD3,ENSG00000173825
16655,TIGD4,ENSG00000169989
16656,TIGD5,ENSG00000179886
16657,TIGD6,ENSG00000164296
16658,TIGD7,ENSG00000140993
16659,TIGIT,ENSG00000181847
16660,TIMD4,ENSG00000145850
16661,TIMELESS,ENSG00000111602
16662,TIMM8A,ENSG00000126953
16663,TIMM8B,ENSG00000150779
16664,TIMM9,ENSG00000100575
16665,TIMM10,ENSG00000134809
16666,TIMM10B,ENSG00000132286
16667,TIMM13,ENSG00000099800
16668,TIMM17A,ENSG00000134375
16669,TIMM17B,ENSG00000126768
16670,TIMM21,ENSG00000075336
16671,TIMM22,ENSG00000177370
16672,TIMM23,ENSG00000265354
16673,TIMM23B,ENSG00000204152
16674,TIMM29,ENSG00000142444
16675,TIMM44,ENSG00000104980
16676,TIMM50,ENSG00000105197
16677,TIMMDC1,ENSG00000113845
16678,TIMP1,ENSG00000102265
16679,TIMP2,ENSG00000035862
16680,TIMP3,ENSG00000100234
16681,TIMP4,ENSG00000157150
16682,TINAG,ENSG00000137251
16683,TINAGL1,ENSG00000142910
16684,TINCR,ENSG00000223573
16685,TINF2,ENSG00000092330
16686,TIPARP,ENSG00000163659
16687,TIPIN,ENSG00000075131
16688,TIPRL,ENSG00000143155
16689,TIRAP,ENSG00000150455
16690,TJAP1,ENSG00000137221
16691,TJP1,ENSG00000104067
16692,TJP2,ENSG00000119139
16693,TJP3,ENSG00000105289
16694,TK1,ENSG00000167900
16695,TK2,ENSG00000166548
16696,TKFC,ENSG00000149476
16697,TKT,ENSG00000163931
16698,TKTL1,ENSG00000007350
16699,TKTL2,ENSG00000151005
16700,TLCD1,ENSG00000160606
16701,TLCD2,ENSG00000185561
16702,TLCD3A,ENSG00000167695
16703,TLCD3B,ENSG00000149926
16704,TLCD4,ENSG00000152078
16705,TLCD5,ENSG00000181264
16706,TLDC2,ENSG00000101342
16707,TLE1,ENSG00000196781
16708,TLE2,ENSG00000065717
16709,TLE3,ENSG00000140332
16710,TLE4,ENSG00000106829
16711,TLE5,ENSG00000104964
16712,TLE6,ENSG00000104953
16713,TLE7,ENSG00000260734
16714,TLK1,ENSG00000198586
16715,TLK2,ENSG00000146872
16716,TLL1,ENSG00000038295
16717,TLL2,ENSG00000095587
16718,TLN1,ENSG00000137076
16719,TLN2,ENSG00000171914
16720,TLNRD1,ENSG00000140406
16721,TLR1,ENSG00000174125
16722,TLR2,ENSG00000137462
16723,TLR3,ENSG00000164342
16724,TLR4,ENSG00000136869
16725,TLR5,ENSG00000187554
16726,TLR6,ENSG00000174130
16727,TLR7,ENSG00000196664
16728,TLR8,ENSG00000101916
16729,TLR9,ENSG00000239732
16730,TLR10,ENSG00000174123
16731,TLX1,ENSG00000107807
16732,TLX2,ENSG00000115297
16733,TLX3,ENSG00000164438
16734,TM2D1,ENSG00000162604
16735,TM2D2,ENSG00000169490
16736,TM2D3,ENSG00000184277
16737,TM4SF1,ENSG00000169908
16738,TM4SF4,ENSG00000169903
16739,TM4SF5,ENSG00000142484
16740,TM4SF18,ENSG00000163762
16741,TM4SF19,ENSG00000145107
16742,TM4SF20,ENSG00000168955
16743,TM6SF1,ENSG00000136404
16744,TM6SF2,ENSG00000213996
16745,TM7SF2,ENSG00000149809
16746,TM7SF3,ENSG00000064115
16747,TM9SF1,ENSG00000100926
16748,TM9SF2,ENSG00000125304
16749,TM9SF3,ENSG00000077147
16750,TM9SF4,ENSG00000101337
16751,TMA7,ENSG00000232112
16752,TMA7B,ENSG00000225528
16753,TMA16,ENSG00000198498
16754,TMBIM1,ENSG00000135926
16755,TMBIM4,ENSG00000155957
16756,TMBIM6,ENSG00000139644
16757,TMC1,ENSG00000165091
16758,TMC2,ENSG00000149488
16759,TMC3,ENSG00000188869
16760,TMC4,ENSG00000167608
16761,TMC5,ENSG00000103534
16762,TMC6,ENSG00000141524
16763,TMC7,ENSG00000170537
16764,TMC8,ENSG00000167895
16765,TMCC1,ENSG00000172765
16766,TMCC2,ENSG00000133069
16767,TMCC3,ENSG00000057704
16768,TMCO1,ENSG00000143183
16769,TMCO2,ENSG00000188800
16770,TMCO3,ENSG00000150403
16771,TMCO4,ENSG00000162542
16772,TMCO5A,ENSG00000166069
16773,TMCO6,ENSG00000113119
16774,TMDD1,ENSG00000284730
16775,TMED1,ENSG00000099203
16776,TMED2,ENSG00000086598
16777,TMED3,ENSG00000166557
16778,TMED4,ENSG00000158604
16779,TMED5,ENSG00000117500
16780,TMED6,ENSG00000157315
16781,TMED7,ENSG00000134970
16782,TMED8,ENSG00000100580
16783,TMED9,ENSG00000184840
16784,TMED10,ENSG00000170348
16785,TMEFF1,ENSG00000241697
16786,TMEFF2,ENSG00000144339
16787,TMEM8B,ENSG00000137103
16788,TMEM9,ENSG00000116857
16789,TMEM9B,ENSG00000175348
16790,TMEM11,ENSG00000178307
16791,TMEM14A,ENSG00000096092
16792,TMEM14B,ENSG00000137210
16793,TMEM14C,ENSG00000111843
16794,TMEM17,ENSG00000186889
16795,TMEM18,ENSG00000151353
16796,TMEM19,ENSG00000139291
16797,TMEM25,ENSG00000149582
16798,TMEM26,ENSG00000196932
16799,TMEM30A,ENSG00000112697
16800,TMEM30B,ENSG00000182107
16801,TMEM31,ENSG00000179363
16802,TMEM33,ENSG00000109133
16803,TMEM35A,ENSG00000126950
16804,TMEM35B,ENSG00000243749
16805,TMEM37,ENSG00000171227
16806,TMEM38A,ENSG00000072954
16807,TMEM38B,ENSG00000095209
16808,TMEM39A,ENSG00000176142
16809,TMEM39B,ENSG00000121775
16810,TMEM40,ENSG00000088726
16811,TMEM41A,ENSG00000163900
16812,TMEM41B,ENSG00000166471
16813,TMEM42,ENSG00000169964
16814,TMEM43,ENSG00000170876
16815,TMEM44,ENSG00000145014
16816,TMEM45A,ENSG00000181458
16817,TMEM45B,ENSG00000151715
16818,TMEM47,ENSG00000147027
16819,TMEM50A,ENSG00000183726
16820,TMEM50B,ENSG00000142188
16821,TMEM51,ENSG00000171729
16822,TMEM52,ENSG00000178821
16823,TMEM52B,ENSG00000165685
16824,TMEM53,ENSG00000126106
16825,TMEM54,ENSG00000121900
16826,TMEM59,ENSG00000116209
16827,TMEM59L,ENSG00000105696
16828,TMEM60,ENSG00000135211
16829,TMEM61,ENSG00000143001
16830,TMEM62,ENSG00000137842
16831,TMEM63A,ENSG00000196187
16832,TMEM63B,ENSG00000137216
16833,TMEM63C,ENSG00000165548
16834,TMEM64,ENSG00000180694
16835,TMEM65,ENSG00000164983
16836,TMEM67,ENSG00000164953
16837,TMEM68,ENSG00000167904
16838,TMEM69,ENSG00000159596
16839,TMEM70,ENSG00000175606
16840,TMEM71,ENSG00000165071
16841,TMEM72,ENSG00000187783
16842,TMEM74,ENSG00000164841
16843,TMEM74B,ENSG00000125895
16844,TMEM78,ENSG00000177800
16845,TMEM79,ENSG00000163472
16846,TMEM80,ENSG00000177042
16847,TMEM81,ENSG00000174529
16848,TMEM82,ENSG00000162460
16849,TMEM86A,ENSG00000151117
16850,TMEM86B,ENSG00000180089
16851,TMEM87A,ENSG00000103978
16852,TMEM87B,ENSG00000153214
16853,TMEM88,ENSG00000167874
16854,TMEM88B,ENSG00000205116
16855,TMEM89,ENSG00000183396
16856,TMEM91,ENSG00000142046
16857,TMEM92,ENSG00000167105
16858,TMEM94,ENSG00000177728
16859,TMEM95,ENSG00000182896
16860,TMEM97,ENSG00000109084
16861,TMEM98,ENSG00000006042
16862,TMEM100,ENSG00000166292
16863,TMEM101,ENSG00000091947
16864,TMEM102,ENSG00000181284
16865,TMEM104,ENSG00000109066
16866,TMEM106A,ENSG00000184988
16867,TMEM106B,ENSG00000106460
16868,TMEM106C,ENSG00000134291
16869,TMEM107,ENSG00000179029
16870,TMEM108,ENSG00000144868
16871,TMEM109,ENSG00000110108
16872,TMEM114,ENSG00000232258
16873,TMEM115,ENSG00000126062
16874,TMEM116,ENSG00000198270
16875,TMEM117,ENSG00000139173
16876,TMEM119,ENSG00000183160
16877,TMEM120A,ENSG00000189077
16878,TMEM120B,ENSG00000188735
16879,TMEM121,ENSG00000184986
16880,TMEM121B,ENSG00000183307
16881,TMEM123,ENSG00000152558
16882,TMEM125,ENSG00000179178
16883,TMEM126A,ENSG00000171202
16884,TMEM126B,ENSG00000171204
16885,TMEM127,ENSG00000135956
16886,TMEM128,ENSG00000132406
16887,TMEM129,ENSG00000168936
16888,TMEM130,ENSG00000166448
16889,TMEM131,ENSG00000075568
16890,TMEM131L,ENSG00000121210
16891,TMEM132A,ENSG00000006118
16892,TMEM132B,ENSG00000139364
16893,TMEM132C,ENSG00000181234
16894,TMEM132D,ENSG00000151952
16895,TMEM132E,ENSG00000181291
16896,TMEM134,ENSG00000172663
16897,TMEM135,ENSG00000166575
16898,TMEM138,ENSG00000149483
16899,TMEM139,ENSG00000178826
16900,TMEM140,ENSG00000146859
16901,TMEM141,ENSG00000244187
16902,TMEM143,ENSG00000161558
16903,TMEM144,ENSG00000164124
16904,TMEM145,ENSG00000167619
16905,TMEM147,ENSG00000105677
16906,TMEM150A,ENSG00000168890
16907,TMEM150B,ENSG00000180061
16908,TMEM150C,ENSG00000249242
16909,TMEM151A,ENSG00000179292
16910,TMEM151B,ENSG00000178233
16911,TMEM154,ENSG00000170006
16912,TMEM156,ENSG00000121895
16913,TMEM158,ENSG00000249992
16914,TMEM160,ENSG00000130748
16915,TMEM161A,ENSG00000064545
16916,TMEM161B,ENSG00000164180
16917,TMEM163,ENSG00000152128
16918,TMEM164,ENSG00000157600
16919,TMEM165,ENSG00000134851
16920,TMEM167A,ENSG00000174695
16921,TMEM167B,ENSG00000215717
16922,TMEM168,ENSG00000146802
16923,TMEM169,ENSG00000163449
16924,TMEM170A,ENSG00000166822
16925,TMEM170B,ENSG00000205269
16926,TMEM171,ENSG00000157111
16927,TMEM174,ENSG00000164325
16928,TMEM175,ENSG00000127419
16929,TMEM176A,ENSG00000002933
16930,TMEM176B,ENSG00000106565
16931,TMEM177,ENSG00000144120
16932,TMEM178A,ENSG00000152154
16933,TMEM178B,ENSG00000261115
16934,TMEM179,ENSG00000258986
16935,TMEM179B,ENSG00000185475
16936,TMEM181,ENSG00000146433
16937,TMEM182,ENSG00000170417
16938,TMEM183A,ENSG00000163444
16939,TMEM184A,ENSG00000164855
16940,TMEM184B,ENSG00000198792
16941,TMEM184C,ENSG00000164168
16942,TMEM185A,ENSG00000269556
16943,TMEM185B,ENSG00000226479
16944,TMEM186,ENSG00000184857
16945,TMEM187,ENSG00000177854
16946,TMEM190,ENSG00000160472
16947,TMEM191B,ENSG00000278558
16948,TMEM191C,ENSG00000206140
16949,TMEM192,ENSG00000170088
16950,TMEM196,ENSG00000173452
16951,TMEM198,ENSG00000188760
16952,TMEM199,ENSG00000244045
16953,TMEM200A,ENSG00000164484
16954,TMEM200B,ENSG00000253304
16955,TMEM200C,ENSG00000206432
16956,TMEM201,ENSG00000188807
16957,TMEM202,ENSG00000187806
16958,TMEM203,ENSG00000187713
16959,TMEM204,ENSG00000131634
16960,TMEM205,ENSG00000105518
16961,TMEM207,ENSG00000198398
16962,TMEM208,ENSG00000168701
16963,TMEM209,ENSG00000146842
16964,TMEM210,ENSG00000185863
16965,TMEM212,ENSG00000186329
16966,TMEM213,ENSG00000214128
16967,TMEM214,ENSG00000119777
16968,TMEM215,ENSG00000188133
16969,TMEM216,ENSG00000187049
16970,TMEM217,ENSG00000172738
16971,TMEM217B,ENSG00000286105
16972,TMEM218,ENSG00000150433
16973,TMEM219,ENSG00000149932
16974,TMEM220,ENSG00000187824
16975,TMEM221,ENSG00000188051
16976,TMEM222,ENSG00000186501
16977,TMEM223,ENSG00000168569
16978,TMEM225,ENSG00000204300
16979,TMEM225B,ENSG00000244219
16980,TMEM229A,ENSG00000234224
16981,TMEM229B,ENSG00000198133
16982,TMEM230,ENSG00000089063
16983,TMEM231,ENSG00000205084
16984,TMEM232,ENSG00000186952
16985,TMEM233,ENSG00000224982
16986,TMEM234,ENSG00000160055
16987,TMEM235,ENSG00000204278
16988,TMEM236,ENSG00000148483
16989,TMEM237,ENSG00000155755
16990,TMEM238,ENSG00000233493
16991,TMEM238L,ENSG00000263429
16992,TMEM239,ENSG00000198326
16993,TMEM240,ENSG00000205090
16994,TMEM241,ENSG00000134490
16995,TMEM242,ENSG00000215712
16996,TMEM243,ENSG00000135185
16997,TMEM244,ENSG00000203756
16998,TMEM245,ENSG00000106771
16999,TMEM247,ENSG00000284701
17000,TMEM248,ENSG00000106609
17001,TMEM249,ENSG00000261587
17002,TMEM250,ENSG00000238227
17003,TMEM252,ENSG00000181778
17004,TMEM253,ENSG00000232070
17005,TMEM254,ENSG00000133678
17006,TMEM255A,ENSG00000125355
17007,TMEM255B,ENSG00000184497
17008,TMEM256,ENSG00000205544
17009,TMEM258,ENSG00000134825
17010,TMEM259,ENSG00000182087
17011,TMEM260,ENSG00000070269
17012,TMEM262,ENSG00000187066
17013,TMEM263,ENSG00000151135
17014,TMEM265,ENSG00000281991
17015,TMEM266,ENSG00000169758
17016,TMEM267,ENSG00000151881
17017,TMEM268,ENSG00000157693
17018,TMEM269,ENSG00000274386
17019,TMEM270,ENSG00000175877
17020,TMEM271,ENSG00000273238
17021,TMEM272,ENSG00000281106
17022,TMEM273,ENSG00000204161
17023,TMEM275,ENSG00000282881
17025,TMF1,ENSG00000144747
17026,TMIE,ENSG00000181585
17027,TMIGD1,ENSG00000182271
17028,TMIGD2,ENSG00000167664
17029,TMIGD3,ENSG00000121933
17030,TMLHE,ENSG00000185973
17031,TMOD1,ENSG00000136842
17032,TMOD2,ENSG00000128872
17033,TMOD3,ENSG00000138594
17034,TMOD4,ENSG00000163157
17035,TMPO,ENSG00000120802
17036,TMPPE,ENSG00000188167
17037,TMPRSS2,ENSG00000184012
17038,TMPRSS3,ENSG00000160183
17039,TMPRSS4,ENSG00000137648
17040,TMPRSS5,ENSG00000166682
17041,TMPRSS6,ENSG00000187045
17042,TMPRSS7,ENSG00000176040
17043,TMPRSS9,ENSG00000178297
17044,TMPRSS11A,ENSG00000187054
17045,TMPRSS11B,ENSG00000185873
17046,TMPRSS11D,ENSG00000153802
17047,TMPRSS11E,ENSG00000087128
17048,TMPRSS11F,ENSG00000198092
17049,TMPRSS12,ENSG00000186452
17050,TMPRSS13,ENSG00000137747
17051,TMPRSS15,ENSG00000154646
17052,TMSB4X,ENSG00000205542
17053,TMSB4Y,ENSG00000154620
17054,TMSB10,ENSG00000034510
17055,TMSB15A,ENSG00000158164
17056,TMSB15B,ENSG00000158427
17057,TMSB15C,ENSG00000269226
17058,TMTC1,ENSG00000133687
17059,TMTC2,ENSG00000179104
17060,TMTC3,ENSG00000139324
17061,TMTC4,ENSG00000125247
17062,TMUB1,ENSG00000164897
17063,TMUB2,ENSG00000168591
17064,TMX1,ENSG00000139921
17065,TMX2,ENSG00000213593
17066,TMX3,ENSG00000166479
17067,TMX4,ENSG00000125827
17068,TNC,ENSG00000041982
17069,TNF,ENSG00000232810
17070,TNFAIP1,ENSG00000109079
17071,TNFAIP2,ENSG00000185215
17072,TNFAIP3,ENSG00000118503
17073,TNFAIP6,ENSG00000123610
17074,TNFAIP8,ENSG00000145779
17075,TNFAIP8L1,ENSG00000185361
17076,TNFAIP8L2,ENSG00000163154
17077,TNFAIP8L3,ENSG00000183578
17078,TNFRSF1A,ENSG00000067182
17079,TNFRSF1B,ENSG00000028137
17080,TNFRSF4,ENSG00000186827
17081,TNFRSF6B,ENSG00000243509
17082,TNFRSF8,ENSG00000120949
17083,TNFRSF9,ENSG00000049249
17084,TNFRSF10A,ENSG00000104689
17085,TNFRSF10B,ENSG00000120889
17086,TNFRSF10C,ENSG00000173535
17087,TNFRSF10D,ENSG00000173530
17088,TNFRSF11A,ENSG00000141655
17089,TNFRSF11B,ENSG00000164761
17090,TNFRSF12A,ENSG00000006327
17091,TNFRSF13B,ENSG00000240505
17092,TNFRSF13C,ENSG00000159958
17093,TNFRSF14,ENSG00000157873
17094,TNFRSF17,ENSG00000048462
17095,TNFRSF18,ENSG00000186891
17096,TNFRSF19,ENSG00000127863
17097,TNFRSF21,ENSG00000146072
17098,TNFRSF25,ENSG00000215788
17099,TNFSF4,ENSG00000117586
17100,TNFSF8,ENSG00000106952
17101,TNFSF9,ENSG00000125657
17102,TNFSF10,ENSG00000121858
17103,TNFSF11,ENSG00000120659
17104,TNFSF12,ENSG00000239697
17105,TNFSF13,ENSG00000161955
17106,TNFSF13B,ENSG00000102524
17107,TNFSF14,ENSG00000125735
17108,TNFSF15,ENSG00000181634
17109,TNFSF18,ENSG00000120337
17110,TNIK,ENSG00000154310
17111,TNIP1,ENSG00000145901
17112,TNIP2,ENSG00000168884
17113,TNIP3,ENSG00000050730
17114,TNK1,ENSG00000174292
17115,TNK2,ENSG00000061938
17116,TNKS,ENSG00000173273
17117,TNKS1BP1,ENSG00000149115
17118,TNKS2,ENSG00000107854
17119,TNMD,ENSG00000000005
17120,TNN,ENSG00000120332
17121,TNNC1,ENSG00000114854
17122,TNNC2,ENSG00000101470
17123,TNNI1,ENSG00000159173
17124,TNNI2,ENSG00000130598
17125,TNNI3,ENSG00000129991
17126,TNNI3K,ENSG00000116783
17127,TNNT1,ENSG00000105048
17128,TNNT2,ENSG00000118194
17129,TNNT3,ENSG00000130595
17130,TNP1,ENSG00000118245
17131,TNP2,ENSG00000178279
17132,TNPO1,ENSG00000083312
17133,TNPO2,ENSG00000105576
17134,TNPO3,ENSG00000064419
17135,TNR,ENSG00000116147
17136,TNRC6A,ENSG00000090905
17137,TNRC6B,ENSG00000100354
17138,TNRC6C,ENSG00000078687
17139,TNRC18,ENSG00000182095
17140,TNS1,ENSG00000079308
17141,TNS2,ENSG00000111077
17142,TNS3,ENSG00000136205
17143,TNS4,ENSG00000131746
17144,TNXB,ENSG00000168477
17145,TOB1,ENSG00000141232
17146,TOB2,ENSG00000183864
17147,TOE1,ENSG00000132773
17148,TOGARAM1,ENSG00000198718
17149,TOGARAM2,ENSG00000189350
17150,TOLLIP,ENSG00000078902
17151,TOM1,ENSG00000100284
17152,TOM1L1,ENSG00000141198
17153,TOM1L2,ENSG00000175662
17154,TOMM5,ENSG00000175768
17155,TOMM6,ENSG00000214736
17156,TOMM7,ENSG00000196683
17157,TOMM20,ENSG00000173726
17158,TOMM20L,ENSG00000196860
17159,TOMM22,ENSG00000100216
17160,TOMM34,ENSG00000025772
17161,TOMM40,ENSG00000130204
17162,TOMM40L,ENSG00000158882
17163,TOMM70,ENSG00000154174
17164,TOMT,ENSG00000284844
17165,TONSL,ENSG00000160949
17166,TOP1,ENSG00000198900
17167,TOP1MT,ENSG00000184428
17168,TOP2A,ENSG00000131747
17169,TOP2B,ENSG00000077097
17170,TOP3A,ENSG00000177302
17171,TOP3B,ENSG00000100038
17172,TOPAZ1,ENSG00000173769
17173,TOPBP1,ENSG00000163781
17174,TOPORS,ENSG00000197579
17175,TOR1A,ENSG00000136827
17176,TOR1AIP1,ENSG00000143337
17177,TOR1AIP2,ENSG00000169905
17178,TOR1B,ENSG00000136816
17179,TOR2A,ENSG00000160404
17180,TOR3A,ENSG00000186283
17181,TOR4A,ENSG00000198113
17182,TOX,ENSG00000198846
17183,TOX2,ENSG00000124191
17184,TOX3,ENSG00000103460
17185,TOX4,ENSG00000092203
17186,TP53,ENSG00000141510
17187,TP53AIP1,ENSG00000120471
17188,TP53BP1,ENSG00000067369
17189,TP53BP2,ENSG00000143514
17190,TP53I3,ENSG00000115129
17191,TP53I11,ENSG00000175274
17192,TP53I13,ENSG00000167543
17193,TP53INP1,ENSG00000164938
17194,TP53INP2,ENSG00000078804
17195,TP53RK,ENSG00000172315
17196,TP53TG3,ENSG00000183632
17197,TP53TG3B,ENSG00000261509
17198,TP53TG3C,ENSG00000205457
17199,TP53TG3D,ENSG00000205456
17200,TP53TG3E,ENSG00000275034
17201,TP53TG3F,ENSG00000278848
17202,TP53TG5,ENSG00000124251
17203,TP63,ENSG00000073282
17204,TP73,ENSG00000078900
17205,TPBG,ENSG00000146242
17206,TPBGL,ENSG00000261594
17207,TPCN1,ENSG00000186815
17208,TPCN2,ENSG00000162341
17209,TPD52,ENSG00000076554
17210,TPD52L1,ENSG00000111907
17211,TPD52L2,ENSG00000101150
17212,TPD52L3,ENSG00000170777
17213,TPGS1,ENSG00000141933
17214,TPGS2,ENSG00000134779
17215,TPH1,ENSG00000129167
17216,TPH2,ENSG00000139287
17217,TPI1,ENSG00000111669
17218,TPK1,ENSG00000196511
17219,TPM1,ENSG00000140416
17220,TPM2,ENSG00000198467
17221,TPM3,ENSG00000143549
17222,TPM4,ENSG00000167460
17223,TPMT,ENSG00000137364
17224,TPO,ENSG00000115705
17225,TPP1,ENSG00000166340
17226,TPP2,ENSG00000134900
17227,TPPP,ENSG00000171368
17228,TPPP2,ENSG00000179636
17229,TPPP3,ENSG00000159713
17230,TPR,ENSG00000047410
17231,TPRA1,ENSG00000163870
17232,TPRG1,ENSG00000188001
17233,TPRG1L,ENSG00000158109
17234,TPRKB,ENSG00000144034
17235,TPRN,ENSG00000176058
17236,TPRX1,ENSG00000178928
17237,TPRX2,ENSG00000259009
17238,TPSAB1,ENSG00000172236
17239,TPSB2,ENSG00000197253
17240,TPSD1,ENSG00000095917
17241,TPSG1,ENSG00000116176
17242,TPST1,ENSG00000169902
17243,TPST2,ENSG00000128294
17244,TPT1,ENSG00000133112
17245,TPTE,ENSG00000274391
17246,TPTE2,ENSG00000132958
17247,TPX2,ENSG00000088325
17249,TRA2A,ENSG00000164548
17250,TRA2B,ENSG00000136527
17251,TRABD,ENSG00000170638
17252,TRABD2A,ENSG00000186854
17253,TRABD2B,ENSG00000269113
17254,TRADD,ENSG00000102871
17255,TRAF1,ENSG00000056558
17256,TRAF2,ENSG00000127191
17257,TRAF3,ENSG00000131323
17258,TRAF3IP1,ENSG00000204104
17259,TRAF3IP2,ENSG00000056972
17260,TRAF3IP3,ENSG00000009790
17261,TRAF4,ENSG00000076604
17262,TRAF5,ENSG00000082512
17263,TRAF6,ENSG00000175104
17264,TRAF7,ENSG00000131653
17265,TRAFD1,ENSG00000135148
17266,TRAIP,ENSG00000183763
17267,TRAK1,ENSG00000182606
17268,TRAK2,ENSG00000115993
17269,TRAM1,ENSG00000067167
17270,TRAM1L1,ENSG00000174599
17271,TRAM2,ENSG00000065308
17272,TRANK1,ENSG00000168016
17273,TRAP1,ENSG00000126602
17274,TRAPPC1,ENSG00000170043
17275,TRAPPC2,ENSG00000196459
17276,TRAPPC2B,ENSG00000256060
17277,TRAPPC2L,ENSG00000167515
17278,TRAPPC3,ENSG00000054116
17279,TRAPPC3L,ENSG00000173626
17280,TRAPPC4,ENSG00000196655
17281,TRAPPC5,ENSG00000181029
17282,TRAPPC6A,ENSG00000007255
17283,TRAPPC6B,ENSG00000182400
17284,TRAPPC8,ENSG00000153339
17285,TRAPPC9,ENSG00000167632
17286,TRAPPC10,ENSG00000160218
17287,TRAPPC11,ENSG00000168538
17288,TRAPPC12,ENSG00000171853
17289,TRAPPC13,ENSG00000113597
17290,TRAPPC14,ENSG00000146826
17291,TRARG1,ENSG00000184811
17292,TRAT1,ENSG00000163519
17295,TRDMT1,ENSG00000107614
17296,TRDN,ENSG00000186439
17297,TREH,ENSG00000118094
17298,TREM1,ENSG00000124731
17299,TREM2,ENSG00000095970
17300,TREML1,ENSG00000161911
17301,TREML2,ENSG00000112195
17302,TREML4,ENSG00000188056
17303,TRERF1,ENSG00000124496
17304,TREX1,ENSG00000213689
17305,TREX2,ENSG00000183479
17307,TRH,ENSG00000170893
17308,TRHDE,ENSG00000072657
17309,TRHR,ENSG00000174417
17310,TRIAP1,ENSG00000170855
17311,TRIB1,ENSG00000173334
17312,TRIB2,ENSG00000071575
17313,TRIB3,ENSG00000101255
17314,TRIL,ENSG00000255690
17315,TRIM2,ENSG00000109654
17316,TRIM3,ENSG00000110171
17317,TRIM4,ENSG00000146833
17318,TRIM5,ENSG00000132256
17319,TRIM6,ENSG00000121236
17320,TRIM7,ENSG00000146054
17321,TRIM8,ENSG00000171206
17322,TRIM9,ENSG00000100505
17323,TRIM10,ENSG00000204613
17324,TRIM11,ENSG00000154370
17325,TRIM13,ENSG00000204977
17326,TRIM14,ENSG00000106785
17327,TRIM15,ENSG00000204610
17328,TRIM16,ENSG00000221926
17329,TRIM16L,ENSG00000108448
17330,TRIM17,ENSG00000162931
17331,TRIM21,ENSG00000132109
17332,TRIM22,ENSG00000132274
17333,TRIM23,ENSG00000113595
17334,TRIM24,ENSG00000122779
17335,TRIM25,ENSG00000121060
17336,TRIM26,ENSG00000234127
17337,TRIM27,ENSG00000204713
17338,TRIM28,ENSG00000130726
17339,TRIM29,ENSG00000137699
17340,TRIM31,ENSG00000204616
17341,TRIM32,ENSG00000119401
17342,TRIM33,ENSG00000197323
17343,TRIM34,ENSG00000258659
17344,TRIM35,ENSG00000104228
17345,TRIM36,ENSG00000152503
17346,TRIM37,ENSG00000108395
17347,TRIM38,ENSG00000112343
17348,TRIM39,ENSG00000204599
17349,TRIM40,ENSG00000204614
17350,TRIM41,ENSG00000146063
17351,TRIM42,ENSG00000155890
17352,TRIM43,ENSG00000144015
17353,TRIM43B,ENSG00000144010
17354,TRIM44,ENSG00000166326
17355,TRIM45,ENSG00000134253
17356,TRIM46,ENSG00000163462
17357,TRIM47,ENSG00000132481
17358,TRIM48,ENSG00000150244
17359,TRIM49,ENSG00000168930
17360,TRIM49B,ENSG00000182053
17361,TRIM49C,ENSG00000204449
17362,TRIM49D1,ENSG00000223417
17363,TRIM49D2,ENSG00000233802
17364,TRIM50,ENSG00000146755
17365,TRIM51,ENSG00000124900
17366,TRIM51G,ENSG00000220948
17367,TRIM52,ENSG00000183718
17368,TRIM54,ENSG00000138100
17369,TRIM55,ENSG00000147573
17370,TRIM56,ENSG00000169871
17371,TRIM58,ENSG00000162722
17372,TRIM59,ENSG00000213186
17373,TRIM60,ENSG00000176979
17374,TRIM61,ENSG00000183439
17375,TRIM62,ENSG00000116525
17376,TRIM63,ENSG00000158022
17377,TRIM64,ENSG00000204450
17378,TRIM64B,ENSG00000189253
17379,TRIM64C,ENSG00000214891
17380,TRIM65,ENSG00000141569
17381,TRIM66,ENSG00000166436
17382,TRIM67,ENSG00000119283
17383,TRIM68,ENSG00000167333
17384,TRIM69,ENSG00000185880
17385,TRIM71,ENSG00000206557
17386,TRIM72,ENSG00000177238
17387,TRIM73,ENSG00000178809
17388,TRIM74,ENSG00000155428
17389,TRIM75,ENSG00000250374
17390,TRIM77,ENSG00000214414
17391,TRIML1,ENSG00000184108
17392,TRIML2,ENSG00000179046
17393,TRIO,ENSG00000038382
17394,TRIOBP,ENSG00000100106
17395,TRIP4,ENSG00000103671
17396,TRIP6,ENSG00000087077
17397,TRIP10,ENSG00000125733
17398,TRIP11,ENSG00000100815
17399,TRIP12,ENSG00000153827
17400,TRIP13,ENSG00000071539
17401,TRIQK,ENSG00000205133
17402,TRIR,ENSG00000123144
17403,TRIT1,ENSG00000043514
17404,TRMO,ENSG00000136932
17405,TRMT1,ENSG00000104907
17406,TRMT1L,ENSG00000121486
17407,TRMT2A,ENSG00000099899
17408,TRMT2B,ENSG00000188917
17409,TRMT5,ENSG00000126814
17410,TRMT6,ENSG00000089195
17411,TRMT9B,ENSG00000250305
17412,TRMT10A,ENSG00000145331
17413,TRMT10B,ENSG00000165275
17414,TRMT10C,ENSG00000174173
17415,TRMT11,ENSG00000066651
17416,TRMT12,ENSG00000183665
17417,TRMT13,ENSG00000122435
17418,TRMT44,ENSG00000155275
17419,TRMT61A,ENSG00000166166
17420,TRMT61B,ENSG00000171103
17421,TRMT112,ENSG00000173113
17422,TRMU,ENSG00000100416
17423,TRNAU1AP,ENSG00000180098
17424,TRNP1,ENSG00000253368
17425,TRNT1,ENSG00000072756
17426,TRO,ENSG00000067445
17427,TROAP,ENSG00000135451
17428,TRPA1,ENSG00000104321
17429,TRPC1,ENSG00000144935
17430,TRPC3,ENSG00000138741
17431,TRPC4,ENSG00000133107
17432,TRPC4AP,ENSG00000100991
17433,TRPC5,ENSG00000072315
17434,TRPC5OS,ENSG00000204025
17435,TRPC6,ENSG00000137672
17436,TRPC7,ENSG00000069018
17437,TRPM1,ENSG00000134160
17438,TRPM2,ENSG00000142185
17439,TRPM3,ENSG00000083067
17440,TRPM4,ENSG00000130529
17441,TRPM5,ENSG00000070985
17442,TRPM6,ENSG00000119121
17443,TRPM7,ENSG00000092439
17444,TRPM8,ENSG00000144481
17445,TRPS1,ENSG00000104447
17446,TRPT1,ENSG00000149743
17447,TRPV1,ENSG00000196689
17448,TRPV2,ENSG00000187688
17449,TRPV3,ENSG00000167723
17450,TRPV4,ENSG00000111199
17451,TRPV5,ENSG00000127412
17452,TRPV6,ENSG00000165125
17453,TRRAP,ENSG00000196367
17454,TRUB1,ENSG00000165832
17455,TRUB2,ENSG00000167112
17456,TSACC,ENSG00000163467
17457,TSBP1,ENSG00000204296
17458,TSC1,ENSG00000165699
17459,TSC2,ENSG00000103197
17460,TSC22D1,ENSG00000102804
17461,TSC22D2,ENSG00000196428
17462,TSC22D3,ENSG00000157514
17463,TSC22D4,ENSG00000166925
17464,TSEN2,ENSG00000154743
17465,TSEN15,ENSG00000198860
17466,TSEN34,ENSG00000170892
17467,TSEN54,ENSG00000182173
17468,TSFM,ENSG00000123297
17469,TSG101,ENSG00000074319
17470,TSGA10,ENSG00000135951
17471,TSGA10IP,ENSG00000175513
17472,TSGA13,ENSG00000213265
17473,TSHB,ENSG00000134200
17474,TSHR,ENSG00000165409
17475,TSHZ1,ENSG00000179981
17476,TSHZ2,ENSG00000182463
17477,TSHZ3,ENSG00000121297
17478,TSKS,ENSG00000126467
17479,TSKU,ENSG00000182704
17480,TSLP,ENSG00000145777
17481,TSN,ENSG00000211460
17482,TSNARE1,ENSG00000171045
17483,TSNAX,ENSG00000116918
17484,TSNAXIP1,ENSG00000102904
17485,TSPAN1,ENSG00000117472
17486,TSPAN2,ENSG00000134198
17487,TSPAN3,ENSG00000140391
17488,TSPAN4,ENSG00000214063
17489,TSPAN5,ENSG00000168785
17490,TSPAN6,ENSG00000000003
17491,TSPAN7,ENSG00000156298
17492,TSPAN8,ENSG00000127324
17493,TSPAN9,ENSG00000011105
17494,TSPAN10,ENSG00000182612
17495,TSPAN11,ENSG00000110900
17496,TSPAN12,ENSG00000106025
17497,TSPAN13,ENSG00000106537
17498,TSPAN14,ENSG00000108219
17499,TSPAN15,ENSG00000099282
17500,TSPAN16,ENSG00000130167
17501,TSPAN17,ENSG00000048140
17502,TSPAN18,ENSG00000157570
17503,TSPAN19,ENSG00000231738
17504,TSPAN31,ENSG00000135452
17505,TSPAN32,ENSG00000064201
17506,TSPAN33,ENSG00000158457
17507,TSPEAR,ENSG00000175894
17508,TSPO,ENSG00000100300
17509,TSPO2,ENSG00000112212
17510,TSPOAP1,ENSG00000005379
17511,TSPY1,ENSG00000258992
17512,TSPY2,ENSG00000168757
17513,TSPY3,ENSG00000228927
17514,TSPY4,ENSG00000233803
17515,TSPY8,ENSG00000229549
17516,TSPY9,ENSG00000238074
17517,TSPY10,ENSG00000236424
17518,TSPYL1,ENSG00000189241
17519,TSPYL2,ENSG00000184205
17520,TSPYL4,ENSG00000187189
17521,TSPYL5,ENSG00000180543
17522,TSPYL6,ENSG00000178021
17523,TSR1,ENSG00000167721
17524,TSR2,ENSG00000158526
17525,TSR3,ENSG00000007520
17526,TSSC4,ENSG00000184281
17527,TSSK1B,ENSG00000212122
17528,TSSK2,ENSG00000206203
17529,TSSK3,ENSG00000162526
17530,TSSK4,ENSG00000139908
17531,TSSK6,ENSG00000178093
17532,TST,ENSG00000128311
17533,TSTD1,ENSG00000215845
17534,TSTD2,ENSG00000136925
17535,TSTD3,ENSG00000279170
17536,TTBK1,ENSG00000146216
17537,TTBK2,ENSG00000128881
17538,TTC1,ENSG00000113312
17539,TTC3,ENSG00000182670
17540,TTC4,ENSG00000243725
17541,TTC5,ENSG00000136319
17542,TTC6,ENSG00000139865
17543,TTC7A,ENSG00000068724
17544,TTC7B,ENSG00000165914
17545,TTC8,ENSG00000165533
17546,TTC9,ENSG00000133985
17547,TTC9B,ENSG00000174521
17548,TTC9C,ENSG00000162222
17549,TTC12,ENSG00000149292
17550,TTC13,ENSG00000143643
17551,TTC14,ENSG00000163728
17552,TTC16,ENSG00000167094
17553,TTC17,ENSG00000052841
17554,TTC19,ENSG00000011295
17555,TTC21A,ENSG00000168026
17556,TTC21B,ENSG00000123607
17557,TTC22,ENSG00000006555
17558,TTC23,ENSG00000103852
17559,TTC23L,ENSG00000205838
17560,TTC24,ENSG00000187862
17561,TTC26,ENSG00000105948
17562,TTC27,ENSG00000018699
17563,TTC28,ENSG00000100154
17564,TTC29,ENSG00000137473
17565,TTC30A,ENSG00000197557
17566,TTC30B,ENSG00000196659
17567,TTC31,ENSG00000115282
17568,TTC32,ENSG00000183891
17569,TTC33,ENSG00000113638
17570,TTC34,ENSG00000215912
17571,TTC36,ENSG00000172425
17572,TTC38,ENSG00000075234
17573,TTC39A,ENSG00000085831
17574,TTC39B,ENSG00000155158
17575,TTC39C,ENSG00000168234
17576,TTF1,ENSG00000125482
17577,TTF2,ENSG00000116830
17578,TTI1,ENSG00000101407
17579,TTI2,ENSG00000129696
17580,TTK,ENSG00000112742
17581,TTL,ENSG00000114999
17582,TTLL1,ENSG00000100271
17583,TTLL2,ENSG00000120440
17584,TTLL3,ENSG00000214021
17585,TTLL4,ENSG00000135912
17586,TTLL5,ENSG00000119685
17587,TTLL6,ENSG00000170703
17588,TTLL7,ENSG00000137941
17589,TTLL8,ENSG00000138892
17590,TTLL9,ENSG00000131044
17591,TTLL10,ENSG00000162571
17592,TTLL11,ENSG00000175764
17593,TTLL12,ENSG00000100304
17594,TTLL13,ENSG00000213471
17595,TTN,ENSG00000155657
17596,TTPA,ENSG00000137561
17597,TTPAL,ENSG00000124120
17598,TTR,ENSG00000118271
17599,TTYH1,ENSG00000167614
17600,TTYH2,ENSG00000141540
17601,TTYH3,ENSG00000136295
17602,TUB,ENSG00000166402
17603,TUBA1A,ENSG00000167552
17604,TUBA1B,ENSG00000123416
17605,TUBA1C,ENSG00000167553
17606,TUBA3C,ENSG00000198033
17607,TUBA3D,ENSG00000075886
17608,TUBA3E,ENSG00000152086
17609,TUBA4A,ENSG00000127824
17610,TUBA4B,ENSG00000243910
17611,TUBA8,ENSG00000183785
17612,TUBAL3,ENSG00000178462
17613,TUBB,ENSG00000196230
17614,TUBB1,ENSG00000101162
17615,TUBB2A,ENSG00000137267
17616,TUBB2B,ENSG00000137285
17617,TUBB3,ENSG00000258947
17618,TUBB4A,ENSG00000104833
17619,TUBB4B,ENSG00000188229
17620,TUBB6,ENSG00000176014
17621,TUBB8,ENSG00000261456
17622,TUBB8B,ENSG00000173213
17623,TUBD1,ENSG00000108423
17624,TUBE1,ENSG00000074935
17625,TUBG1,ENSG00000131462
17626,TUBG2,ENSG00000037042
17627,TUBGCP2,ENSG00000130640
17628,TUBGCP3,ENSG00000126216
17629,TUBGCP4,ENSG00000137822
17630,TUBGCP5,ENSG00000275835
17631,TUBGCP6,ENSG00000128159
17632,TUFM,ENSG00000178952
17633,TUFT1,ENSG00000143367
17634,TUG1,ENSG00000253352
17635,TULP1,ENSG00000112041
17636,TULP2,ENSG00000104804
17637,TULP3,ENSG00000078246
17638,TULP4,ENSG00000130338
17639,TUSC1,ENSG00000198680
17640,TUSC2,ENSG00000114383
17641,TUSC3,ENSG00000104723
17642,TUT1,ENSG00000149016
17643,TUT4,ENSG00000134744
17644,TUT7,ENSG00000083223
17645,TVP23A,ENSG00000166676
17646,TVP23B,ENSG00000171928
17647,TVP23C,ENSG00000175106
17648,TWF1,ENSG00000151239
17649,TWF2,ENSG00000247596
17650,TWIST1,ENSG00000122691
17651,TWIST2,ENSG00000233608
17652,TWNK,ENSG00000107815
17653,TWSG1,ENSG00000128791
17654,TXK,ENSG00000074966
17655,TXLNA,ENSG00000084652
17656,TXLNB,ENSG00000164440
17657,TXLNG,ENSG00000086712
17658,TXN,ENSG00000136810
17659,TXN2,ENSG00000100348
17660,TXNDC2,ENSG00000168454
17661,TXNDC5,ENSG00000239264
17662,TXNDC8,ENSG00000204193
17663,TXNDC9,ENSG00000115514
17664,TXNDC11,ENSG00000153066
17665,TXNDC12,ENSG00000117862
17666,TXNDC15,ENSG00000113621
17667,TXNDC16,ENSG00000087301
17668,TXNDC17,ENSG00000129235
17669,TXNIP,ENSG00000265972
17670,TXNL1,ENSG00000091164
17671,TXNL4A,ENSG00000141759
17672,TXNL4B,ENSG00000140830
17673,TXNRD1,ENSG00000198431
17674,TXNRD2,ENSG00000184470
17675,TXNRD3,ENSG00000197763
17676,TYK2,ENSG00000105397
17677,TYMP,ENSG00000025708
17678,TYMS,ENSG00000176890
17679,TYR,ENSG00000077498
17680,TYRO3,ENSG00000092445
17681,TYROBP,ENSG00000011600
17682,TYRP1,ENSG00000107165
17683,TYSND1,ENSG00000156521
17684,TYW1,ENSG00000198874
17685,TYW1B,ENSG00000277149
17686,TYW3,ENSG00000162623
17687,TYW5,ENSG00000162971
17688,U2AF1,ENSG00000160201
17689,U2AF1L4,ENSG00000161265
17690,U2AF2,ENSG00000063244
17691,U2SURP,ENSG00000163714
17692,UACA,ENSG00000137831
17693,UAP1,ENSG00000117143
17694,UAP1L1,ENSG00000197355
17695,UBA1,ENSG00000130985
17696,UBA2,ENSG00000126261
17697,UBA3,ENSG00000144744
17698,UBA5,ENSG00000081307
17699,UBA6,ENSG00000033178
17700,UBA7,ENSG00000182179
17701,UBA52,ENSG00000221983
17702,UBAC1,ENSG00000130560
17703,UBAC2,ENSG00000134882
17704,UBALD1,ENSG00000153443
17705,UBALD2,ENSG00000185262
17706,UBAP1,ENSG00000165006
17707,UBAP1L,ENSG00000246922
17708,UBAP2,ENSG00000137073
17709,UBAP2L,ENSG00000143569
17710,UBASH3A,ENSG00000160185
17711,UBASH3B,ENSG00000154127
17712,UBB,ENSG00000170315
17713,UBC,ENSG00000150991
17714,UBD,ENSG00000213886
17715,UBE2A,ENSG00000077721
17716,UBE2B,ENSG00000119048
17717,UBE2C,ENSG00000175063
17718,UBE2D1,ENSG00000072401
17719,UBE2D2,ENSG00000131508
17720,UBE2D3,ENSG00000109332
17721,UBE2D4,ENSG00000078967
17722,UBE2E1,ENSG00000170142
17723,UBE2E2,ENSG00000182247
17724,UBE2E3,ENSG00000170035
17725,UBE2F,ENSG00000184182
17726,UBE2G1,ENSG00000132388
17727,UBE2G2,ENSG00000184787
17728,UBE2H,ENSG00000186591
17729,UBE2I,ENSG00000103275
17730,UBE2J1,ENSG00000198833
17731,UBE2J2,ENSG00000160087
17732,UBE2K,ENSG00000078140
17733,UBE2L3,ENSG00000185651
17734,UBE2L5,ENSG00000236444
17735,UBE2L6,ENSG00000156587
17736,UBE2M,ENSG00000130725
17737,UBE2N,ENSG00000177889
17738,UBE2NL,ENSG00000276380
17739,UBE2O,ENSG00000175931
17740,UBE2Q1,ENSG00000160714
17741,UBE2Q2,ENSG00000140367
17742,UBE2QL1,ENSG00000215218
17743,UBE2R2,ENSG00000107341
17744,UBE2S,ENSG00000108106
17745,UBE2T,ENSG00000077152
17746,UBE2U,ENSG00000177414
17747,UBE2V1,ENSG00000244687
17748,UBE2V2,ENSG00000169139
17749,UBE2W,ENSG00000104343
17750,UBE2Z,ENSG00000159202
17751,UBE3A,ENSG00000114062
17752,UBE3B,ENSG00000151148
17753,UBE3C,ENSG00000009335
17754,UBE3D,ENSG00000118420
17755,UBE4A,ENSG00000110344
17756,UBE4B,ENSG00000130939
17757,UBFD1,ENSG00000103353
17758,UBIAD1,ENSG00000120942
17759,UBL3,ENSG00000122042
17760,UBL4A,ENSG00000102178
17761,UBL4B,ENSG00000186150
17762,UBL5,ENSG00000198258
17763,UBL7,ENSG00000138629
17764,UBLCP1,ENSG00000164332
17765,UBN1,ENSG00000118900
17766,UBN2,ENSG00000157741
17767,UBOX5,ENSG00000185019
17768,UBP1,ENSG00000153560
17769,UBQLN1,ENSG00000135018
17770,UBQLN2,ENSG00000188021
17771,UBQLN3,ENSG00000175520
17772,UBQLN4,ENSG00000160803
17773,UBQLNL,ENSG00000175518
17774,UBR1,ENSG00000159459
17775,UBR2,ENSG00000024048
17776,UBR3,ENSG00000144357
17777,UBR4,ENSG00000127481
17778,UBR5,ENSG00000104517
17779,UBR7,ENSG00000012963
17780,UBTD1,ENSG00000165886
17781,UBTD2,ENSG00000168246
17782,UBTF,ENSG00000108312
17783,UBTFL1,ENSG00000255009
17784,UBXN1,ENSG00000162191
17785,UBXN2A,ENSG00000173960
17786,UBXN2B,ENSG00000215114
17787,UBXN4,ENSG00000144224
17788,UBXN6,ENSG00000167671
17789,UBXN7,ENSG00000163960
17790,UBXN8,ENSG00000104691
17791,UBXN10,ENSG00000162543
17792,UBXN11,ENSG00000158062
17793,UCHL1,ENSG00000154277
17794,UCHL3,ENSG00000118939
17795,UCHL5,ENSG00000116750
17796,UCK1,ENSG00000130717
17797,UCK2,ENSG00000143179
17798,UCKL1,ENSG00000198276
17799,UCMA,ENSG00000165623
17800,UCN,ENSG00000163794
17801,UCN2,ENSG00000145040
17802,UCN3,ENSG00000178473
17803,UCP1,ENSG00000109424
17804,UCP2,ENSG00000175567
17805,UCP3,ENSG00000175564
17806,UEVLD,ENSG00000151116
17807,UFC1,ENSG00000143222
17808,UFD1,ENSG00000070010
17809,UFL1,ENSG00000014123
17810,UFM1,ENSG00000120686
17811,UFSP1,ENSG00000176125
17812,UFSP2,ENSG00000109775
17813,UGCG,ENSG00000148154
17814,UGDH,ENSG00000109814
17815,UGGT1,ENSG00000136731
17816,UGGT2,ENSG00000102595
17817,UGP2,ENSG00000169764
17819,UGT2A1,ENSG00000173610
17820,UGT2A3,ENSG00000135220
17821,UGT2B4,ENSG00000156096
17822,UGT2B7,ENSG00000171234
17823,UGT2B10,ENSG00000109181
17824,UGT2B11,ENSG00000213759
17825,UGT2B15,ENSG00000196620
17826,UGT2B17,ENSG00000197888
17827,UGT2B28,ENSG00000135226
17828,UGT3A1,ENSG00000145626
17829,UGT3A2,ENSG00000168671
17830,UGT8,ENSG00000174607
17831,UHMK1,ENSG00000152332
17832,UHRF1,ENSG00000276043
17833,UHRF2,ENSG00000147854
17834,UIMC1,ENSG00000087206
17835,ULBP1,ENSG00000111981
17836,ULBP2,ENSG00000131015
17837,ULBP3,ENSG00000131019
17838,ULK1,ENSG00000177169
17839,ULK2,ENSG00000083290
17840,ULK3,ENSG00000140474
17841,ULK4,ENSG00000168038
17842,UMAD1,ENSG00000219545
17843,UMOD,ENSG00000169344
17844,UMODL1,ENSG00000177398
17845,UMPS,ENSG00000114491
17846,UNC5A,ENSG00000113763
17847,UNC5B,ENSG00000107731
17848,UNC5C,ENSG00000182168
17849,UNC5CL,ENSG00000124602
17850,UNC5D,ENSG00000156687
17851,UNC13A,ENSG00000130477
17852,UNC13B,ENSG00000198722
17853,UNC13C,ENSG00000137766
17854,UNC13D,ENSG00000092929
17855,UNC45A,ENSG00000140553
17856,UNC45B,ENSG00000141161
17857,UNC50,ENSG00000115446
17858,UNC79,ENSG00000133958
17859,UNC80,ENSG00000144406
17860,UNC93A,ENSG00000112494
17861,UNC93B1,ENSG00000110057
17862,UNC119,ENSG00000109103
17863,UNC119B,ENSG00000175970
17864,UNCX,ENSG00000164853
17865,UNG,ENSG00000076248
17866,UNK,ENSG00000132478
17867,UNKL,ENSG00000059145
17868,UPB1,ENSG00000100024
17869,UPF1,ENSG00000005007
17870,UPF2,ENSG00000151461
17871,UPF3A,ENSG00000169062
17872,UPF3B,ENSG00000125351
17873,UPK1A,ENSG00000105668
17874,UPK1B,ENSG00000114638
17875,UPK2,ENSG00000110375
17876,UPK3A,ENSG00000100373
17877,UPK3B,ENSG00000243566
17878,UPK3BL1,ENSG00000267368
17879,UPK3BL2,ENSG00000284981
17880,UPP1,ENSG00000183696
17881,UPP2,ENSG00000007001
17882,UPRT,ENSG00000094841
17883,UQCC1,ENSG00000101019
17884,UQCC2,ENSG00000137288
17885,UQCC3,ENSG00000204922
17886,UQCC4,ENSG00000174109
17887,UQCC5,ENSG00000168273
17888,UQCC6,ENSG00000204954
17889,UQCR10,ENSG00000184076
17890,UQCR11,ENSG00000127540
17891,UQCRB,ENSG00000156467
17892,UQCRC1,ENSG00000010256
17893,UQCRC2,ENSG00000140740
17894,UQCRFS1,ENSG00000169021
17895,UQCRH,ENSG00000173660
17896,UQCRHL,ENSG00000233954
17897,UQCRQ,ENSG00000164405
17898,URAD,ENSG00000183463
17899,URB1,ENSG00000142207
17900,URB2,ENSG00000135763
17901,URGCP,ENSG00000106608
17902,URI1,ENSG00000105176
17903,URM1,ENSG00000167118
17904,UROC1,ENSG00000159650
17905,UROD,ENSG00000126088
17906,UROS,ENSG00000188690
17907,USB1,ENSG00000103005
17908,USE1,ENSG00000053501
17909,USF1,ENSG00000158773
17910,USF2,ENSG00000105698
17911,USF3,ENSG00000176542
17912,USH1C,ENSG00000006611
17913,USH1G,ENSG00000182040
17914,USH2A,ENSG00000042781
17915,USHBP1,ENSG00000130307
17916,USO1,ENSG00000138768
17917,USP1,ENSG00000162607
17918,USP2,ENSG00000036672
17919,USP3,ENSG00000140455
17920,USP4,ENSG00000114316
17921,USP5,ENSG00000111667
17922,USP6,ENSG00000129204
17923,USP6NL,ENSG00000148429
17924,USP7,ENSG00000187555
17925,USP8,ENSG00000138592
17926,USP9X,ENSG00000124486
17927,USP9Y,ENSG00000114374
17928,USP10,ENSG00000103194
17929,USP11,ENSG00000102226
17930,USP12,ENSG00000152484
17931,USP13,ENSG00000058056
17932,USP14,ENSG00000101557
17933,USP15,ENSG00000135655
17934,USP16,ENSG00000156256
17935,USP17L1,ENSG00000230549
17936,USP17L2,ENSG00000223443
17937,USP17L3,ENSG00000225327
17938,USP17L4,ENSG00000236125
17939,USP17L5,ENSG00000227140
17940,USP17L7,ENSG00000226430
17941,USP17L8,ENSG00000237038
17942,USP17L10,ENSG00000231396
17943,USP17L11,ENSG00000233136
17944,USP17L12,ENSG00000227551
17945,USP17L13,ENSG00000232399
17946,USP17L15,ENSG00000223569
17947,USP17L17,ENSG00000249104
17948,USP17L18,ENSG00000250844
17949,USP17L19,ENSG00000248920
17950,USP17L20,ENSG00000250745
17951,USP17L21,ENSG00000249811
17952,USP17L22,ENSG00000248933
17953,USP17L23,ENSG00000250913
17954,USP17L24,ENSG00000232264
17955,USP17L25,ENSG00000230430
17956,USP17L26,ENSG00000229579
17957,USP17L27,ENSG00000235780
17958,USP17L28,ENSG00000231051
17959,USP17L29,ENSG00000231637
17960,USP17L30,ENSG00000228856
17961,USP18,ENSG00000184979
17962,USP19,ENSG00000172046
17963,USP20,ENSG00000136878
17964,USP21,ENSG00000143258
17965,USP22,ENSG00000124422
17966,USP24,ENSG00000162402
17967,USP25,ENSG00000155313
17968,USP26,ENSG00000134588
17969,USP27X,ENSG00000273820
17970,USP28,ENSG00000048028
17971,USP29,ENSG00000131864
17972,USP30,ENSG00000135093
17973,USP31,ENSG00000103404
17974,USP32,ENSG00000170832
17975,USP33,ENSG00000077254
17976,USP34,ENSG00000115464
17977,USP35,ENSG00000118369
17978,USP36,ENSG00000055483
17979,USP37,ENSG00000135913
17980,USP38,ENSG00000170185
17981,USP39,ENSG00000168883
17982,USP40,ENSG00000085982
17983,USP41,ENSG00000161133
17984,USP42,ENSG00000106346
17985,USP43,ENSG00000154914
17986,USP44,ENSG00000136014
17987,USP45,ENSG00000123552
17988,USP46,ENSG00000109189
17989,USP47,ENSG00000170242
17990,USP48,ENSG00000090686
17991,USP49,ENSG00000164663
17992,USP50,ENSG00000170236
17993,USP51,ENSG00000247746
17994,USP53,ENSG00000145390
17995,USP54,ENSG00000166348
17996,USPL1,ENSG00000132952
17997,UST,ENSG00000111962
17998,UTF1,ENSG00000171794
17999,UTP3,ENSG00000132467
18000,UTP4,ENSG00000141076
18001,UTP6,ENSG00000108651
18002,UTP11,ENSG00000183520
18003,UTP14A,ENSG00000156697
18004,UTP14C,ENSG00000253797
18005,UTP15,ENSG00000164338
18006,UTP18,ENSG00000011260
18007,UTP20,ENSG00000120800
18008,UTP23,ENSG00000147679
18009,UTP25,ENSG00000117597
18010,UTRN,ENSG00000152818
18011,UTS2,ENSG00000049247
18012,UTS2B,ENSG00000188958
18013,UTS2R,ENSG00000181408
18014,UTY,ENSG00000183878
18015,UVRAG,ENSG00000198382
18016,UVSSA,ENSG00000163945
18017,UXS1,ENSG00000115652
18018,UXT,ENSG00000126756
18019,VAC14,ENSG00000103043
18020,VAMP1,ENSG00000139190
18021,VAMP2,ENSG00000220205
18022,VAMP3,ENSG00000049245
18023,VAMP4,ENSG00000117533
18024,VAMP5,ENSG00000168899
18025,VAMP7,ENSG00000124333
18026,VAMP8,ENSG00000118640
18027,VANGL1,ENSG00000173218
18028,VANGL2,ENSG00000162738
18029,VAPA,ENSG00000101558
18030,VAPB,ENSG00000124164
18031,VARS1,ENSG00000204394
18032,VARS2,ENSG00000137411
18033,VASH1,ENSG00000071246
18034,VASH2,ENSG00000143494
18035,VASN,ENSG00000168140
18036,VASP,ENSG00000125753
18037,VAT1,ENSG00000108828
18038,VAT1L,ENSG00000171724
18039,VAV1,ENSG00000141968
18040,VAV2,ENSG00000160293
18041,VAV3,ENSG00000134215
18042,VAX1,ENSG00000148704
18043,VAX2,ENSG00000116035
18044,VBP1,ENSG00000155959
18045,VCAM1,ENSG00000162692
18046,VCAN,ENSG00000038427
18047,VCL,ENSG00000035403
18048,VCP,ENSG00000165280
18049,VCPIP1,ENSG00000175073
18050,VCPKMT,ENSG00000100483
18051,VCX,ENSG00000182583
18052,VCX2,ENSG00000177504
18053,VCX3A,ENSG00000169059
18054,VCX3B,ENSG00000205642
18055,VCY,ENSG00000129864
18056,VCY1B,ENSG00000129862
18057,VDAC1,ENSG00000213585
18058,VDAC2,ENSG00000165637
18059,VDAC3,ENSG00000078668
18060,VDR,ENSG00000111424
18061,VEGFA,ENSG00000112715
18062,VEGFB,ENSG00000173511
18063,VEGFC,ENSG00000150630
18064,VEGFD,ENSG00000165197
18065,VENTX,ENSG00000151650
18066,VEPH1,ENSG00000197415
18067,VEZF1,ENSG00000136451
18068,VEZT,ENSG00000028203
18069,VGF,ENSG00000128564
18070,VGLL1,ENSG00000102243
18071,VGLL2,ENSG00000170162
18072,VGLL3,ENSG00000206538
18073,VGLL4,ENSG00000144560
18074,VHL,ENSG00000134086
18075,VHLL,ENSG00000189030
18076,VIL1,ENSG00000127831
18077,VILL,ENSG00000136059
18078,VIM,ENSG00000026025
18079,VIP,ENSG00000146469
18080,VIPAS39,ENSG00000151445
18081,VIPR1,ENSG00000114812
18082,VIPR2,ENSG00000106018
18083,VIRMA,ENSG00000164944
18084,VIT,ENSG00000205221
18085,VKORC1,ENSG00000167397
18086,VKORC1L1,ENSG00000196715
18087,VLDLR,ENSG00000147852
18088,VMA21,ENSG00000160131
18089,VMAC,ENSG00000187650
18090,VMO1,ENSG00000182853
18091,VMP1,ENSG00000062716
18092,VN1R1,ENSG00000178201
18093,VN1R2,ENSG00000196131
18094,VN1R4,ENSG00000228567
18095,VN1R5,ENSG00000197617
18096,VNN1,ENSG00000112299
18097,VNN2,ENSG00000112303
18098,VOPP1,ENSG00000154978
18099,VPREB1,ENSG00000169575
18100,VPREB3,ENSG00000128218
18101,VPS4A,ENSG00000132612
18102,VPS4B,ENSG00000119541
18103,VPS8,ENSG00000156931
18104,VPS9D1,ENSG00000075399
18105,VPS11,ENSG00000160695
18106,VPS13A,ENSG00000197969
18107,VPS13B,ENSG00000132549
18108,VPS13C,ENSG00000129003
18109,VPS13D,ENSG00000048707
18110,VPS16,ENSG00000215305
18111,VPS18,ENSG00000104142
18112,VPS25,ENSG00000131475
18113,VPS26A,ENSG00000122958
18114,VPS26B,ENSG00000151502
18115,VPS26C,ENSG00000157538
18116,VPS28,ENSG00000160948
18117,VPS29,ENSG00000111237
18118,VPS33A,ENSG00000139719
18119,VPS33B,ENSG00000184056
18120,VPS35,ENSG00000069329
18121,VPS35L,ENSG00000103544
18122,VPS36,ENSG00000136100
18123,VPS37A,ENSG00000155975
18124,VPS37B,ENSG00000139722
18125,VPS37C,ENSG00000167987
18126,VPS37D,ENSG00000176428
18127,VPS39,ENSG00000166887
18128,VPS41,ENSG00000006715
18129,VPS45,ENSG00000136631
18130,VPS50,ENSG00000004766
18131,VPS51,ENSG00000149823
18132,VPS52,ENSG00000223501
18133,VPS53,ENSG00000141252
18134,VPS54,ENSG00000143952
18135,VPS72,ENSG00000163159
18136,VRK1,ENSG00000100749
18137,VRK2,ENSG00000028116
18138,VRK3,ENSG00000105053
18139,VRTN,ENSG00000133980
18140,VSIG1,ENSG00000101842
18141,VSIG2,ENSG00000019102
18142,VSIG4,ENSG00000155659
18143,VSIG8,ENSG00000243284
18144,VSIG10,ENSG00000176834
18145,VSIG10L,ENSG00000186806
18146,VSIG10L2,ENSG00000283703
18147,VSIR,ENSG00000107738
18148,VSNL1,ENSG00000163032
18149,VSTM1,ENSG00000189068
18150,VSTM2A,ENSG00000170419
18151,VSTM2B,ENSG00000187135
18152,VSTM2L,ENSG00000132821
18153,VSTM4,ENSG00000165633
18154,VSTM5,ENSG00000214376
18155,VSX1,ENSG00000100987
18156,VSX2,ENSG00000119614
18157,VTA1,ENSG00000009844
18158,VTCN1,ENSG00000134258
18159,VTI1A,ENSG00000151532
18160,VTI1B,ENSG00000100568
18161,VTN,ENSG00000109072
18162,VWA1,ENSG00000179403
18163,VWA2,ENSG00000165816
18164,VWA3A,ENSG00000175267
18165,VWA3B,ENSG00000168658
18166,VWA5A,ENSG00000110002
18167,VWA5B1,ENSG00000158816
18168,VWA5B2,ENSG00000145198
18169,VWA7,ENSG00000204396
18170,VWA8,ENSG00000102763
18171,VWC2,ENSG00000188730
18172,VWC2L,ENSG00000174453
18173,VWCE,ENSG00000167992
18174,VWDE,ENSG00000146530
18175,VWF,ENSG00000110799
18176,VXN,ENSG00000169085
18177,WAC,ENSG00000095787
18178,WAPL,ENSG00000062650
18179,WARS1,ENSG00000140105
18180,WARS2,ENSG00000116874
18181,WAS,ENSG00000015285
18182,WASF1,ENSG00000112290
18183,WASF2,ENSG00000158195
18184,WASF3,ENSG00000132970
18185,WASHC1,ENSG00000181404
18186,WASHC2A,ENSG00000099290
18187,WASHC2C,ENSG00000172661
18188,WASHC3,ENSG00000120860
18189,WASHC4,ENSG00000136051
18190,WASHC5,ENSG00000164961
18191,WASL,ENSG00000106299
18192,WBP1,ENSG00000239779
18193,WBP1L,ENSG00000166272
18194,WBP2,ENSG00000132471
18195,WBP2NL,ENSG00000183066
18196,WBP4,ENSG00000120688
18197,WBP11,ENSG00000084463
18198,WDCP,ENSG00000163026
18199,WDFY1,ENSG00000085449
18200,WDFY2,ENSG00000139668
18201,WDFY3,ENSG00000163625
18202,WDFY4,ENSG00000128815
18203,WDHD1,ENSG00000198554
18204,WDPCP,ENSG00000143951
18205,WDR1,ENSG00000071127
18206,WDR3,ENSG00000065183
18207,WDR4,ENSG00000160193
18208,WDR5,ENSG00000196363
18209,WDR5B,ENSG00000196981
18210,WDR6,ENSG00000178252
18211,WDR7,ENSG00000091157
18212,WDR11,ENSG00000120008
18213,WDR12,ENSG00000138442
18214,WDR13,ENSG00000101940
18215,WDR17,ENSG00000150627
18216,WDR18,ENSG00000065268
18217,WDR19,ENSG00000157796
18218,WDR20,ENSG00000140153
18219,WDR24,ENSG00000127580
18220,WDR25,ENSG00000176473
18221,WDR26,ENSG00000162923
18222,WDR27,ENSG00000184465
18223,WDR31,ENSG00000148225
18224,WDR33,ENSG00000136709
18225,WDR35,ENSG00000118965
18226,WDR36,ENSG00000134987
18227,WDR37,ENSG00000047056
18228,WDR38,ENSG00000136918
18229,WDR41,ENSG00000164253
18230,WDR43,ENSG00000163811
18231,WDR44,ENSG00000131725
18232,WDR45,ENSG00000196998
18233,WDR45B,ENSG00000141580
18234,WDR46,ENSG00000227057
18235,WDR47,ENSG00000085433
18236,WDR48,ENSG00000114742
18237,WDR49,ENSG00000174776
18238,WDR53,ENSG00000185798
18239,WDR54,ENSG00000005448
18240,WDR55,ENSG00000120314
18241,WDR59,ENSG00000103091
18242,WDR62,ENSG00000075702
18243,WDR64,ENSG00000162843
18244,WDR70,ENSG00000082068
18245,WDR72,ENSG00000166415
18246,WDR73,ENSG00000177082
18247,WDR74,ENSG00000133316
18248,WDR75,ENSG00000115368
18249,WDR76,ENSG00000092470
18250,WDR77,ENSG00000116455
18251,WDR81,ENSG00000167716
18252,WDR82,ENSG00000164091
18253,WDR83,ENSG00000123154
18254,WDR83OS,ENSG00000105583
18255,WDR86,ENSG00000187260
18256,WDR87,ENSG00000171804
18257,WDR88,ENSG00000166359
18258,WDR89,ENSG00000140006
18259,WDR90,ENSG00000161996
18260,WDR91,ENSG00000105875
18261,WDR93,ENSG00000140527
18262,WDR97,ENSG00000179698
18263,WDSUB1,ENSG00000196151
18264,WDTC1,ENSG00000142784
18265,WEE1,ENSG00000166483
18266,WEE2,ENSG00000214102
18267,WFDC1,ENSG00000103175
18268,WFDC2,ENSG00000101443
18269,WFDC3,ENSG00000124116
18270,WFDC5,ENSG00000175121
18271,WFDC6,ENSG00000243543
18272,WFDC8,ENSG00000158901
18273,WFDC9,ENSG00000180205
18274,WFDC10A,ENSG00000180305
18275,WFDC10B,ENSG00000182931
18276,WFDC11,ENSG00000180083
18277,WFDC12,ENSG00000168703
18278,WFDC13,ENSG00000168634
18279,WFIKKN1,ENSG00000127578
18280,WFIKKN2,ENSG00000173714
18281,WFS1,ENSG00000109501
18282,WHAMM,ENSG00000156232
18283,WHRN,ENSG00000095397
18284,WIF1,ENSG00000156076
18285,WIPF1,ENSG00000115935
18286,WIPF2,ENSG00000171475
18287,WIPF3,ENSG00000122574
18288,WIPI1,ENSG00000070540
18289,WIPI2,ENSG00000157954
18290,WIZ,ENSG00000011451
18291,WLS,ENSG00000116729
18292,WNK1,ENSG00000060237
18293,WNK2,ENSG00000165238
18294,WNK3,ENSG00000196632
18295,WNK4,ENSG00000126562
18296,WNT1,ENSG00000125084
18297,WNT2,ENSG00000105989
18298,WNT2B,ENSG00000134245
18299,WNT3,ENSG00000108379
18300,WNT3A,ENSG00000154342
18301,WNT4,ENSG00000162552
18302,WNT5A,ENSG00000114251
18303,WNT5B,ENSG00000111186
18304,WNT6,ENSG00000115596
18305,WNT7A,ENSG00000154764
18306,WNT7B,ENSG00000188064
18307,WNT8A,ENSG00000061492
18308,WNT8B,ENSG00000075290
18309,WNT9A,ENSG00000143816
18310,WNT9B,ENSG00000158955
18311,WNT10A,ENSG00000135925
18312,WNT10B,ENSG00000169884
18313,WNT11,ENSG00000085741
18314,WNT16,ENSG00000002745
18315,WRAP53,ENSG00000141499
18316,WRAP73,ENSG00000116213
18317,WRN,ENSG00000165392
18318,WRNIP1,ENSG00000124535
18319,WSB1,ENSG00000109046
18320,WSB2,ENSG00000176871
18321,WSCD1,ENSG00000179314
18322,WSCD2,ENSG00000075035
18323,WT1,ENSG00000184937
18324,WTAP,ENSG00000146457
18325,WTIP,ENSG00000142279
18326,WWC1,ENSG00000113645
18327,WWC2,ENSG00000151718
18328,WWC3,ENSG00000047644
18329,WWOX,ENSG00000186153
18330,WWP1,ENSG00000123124
18331,WWP2,ENSG00000198373
18332,WWTR1,ENSG00000018408
18333,XAB2,ENSG00000076924
18334,XAF1,ENSG00000132530
18335,XAGE1A,ENSG00000204379
18336,XAGE1B,ENSG00000204382
18337,XAGE2,ENSG00000155622
18338,XAGE3,ENSG00000171402
18339,XAGE5,ENSG00000171405
18340,XBP1,ENSG00000100219
18341,XCL1,ENSG00000143184
18342,XCL2,ENSG00000143185
18343,XCR1,ENSG00000173578
18344,XDH,ENSG00000158125
18345,XG,ENSG00000124343
18346,XIAP,ENSG00000101966
18347,XIRP1,ENSG00000168334
18348,XIRP2,ENSG00000163092
18349,XK,ENSG00000047597
18350,XKR3,ENSG00000172967
18351,XKR4,ENSG00000206579
18352,XKR5,ENSG00000275591
18353,XKR6,ENSG00000171044
18354,XKR7,ENSG00000260903
18355,XKR8,ENSG00000158156
18356,XKR9,ENSG00000221947
18357,XKRX,ENSG00000182489
18358,XNDC1N,ENSG00000254469
18359,XPA,ENSG00000136936
18360,XPC,ENSG00000154767
18361,XPNPEP1,ENSG00000108039
18362,XPNPEP2,ENSG00000122121
18363,XPNPEP3,ENSG00000196236
18364,XPO1,ENSG00000082898
18365,XPO4,ENSG00000132953
18366,XPO5,ENSG00000124571
18367,XPO6,ENSG00000169180
18368,XPO7,ENSG00000130227
18369,XPOT,ENSG00000184575
18370,XPR1,ENSG00000143324
18371,XRCC1,ENSG00000073050
18372,XRCC2,ENSG00000196584
18373,XRCC3,ENSG00000126215
18374,XRCC4,ENSG00000152422
18375,XRCC5,ENSG00000079246
18376,XRCC6,ENSG00000196419
18377,XRN1,ENSG00000114127
18378,XRN2,ENSG00000088930
18379,XRRA1,ENSG00000166435
18380,XXYLT1,ENSG00000173950
18381,XYLB,ENSG00000093217
18382,XYLT1,ENSG00000103489
18383,XYLT2,ENSG00000015532
18384,YAE1,ENSG00000241127
18385,YAF2,ENSG00000015153
18386,YAP1,ENSG00000137693
18387,YARS1,ENSG00000134684
18388,YARS2,ENSG00000139131
18389,YBEY,ENSG00000182362
18390,YBX1,ENSG00000065978
18391,YBX2,ENSG00000006047
18392,YBX3,ENSG00000060138
18393,YDJC,ENSG00000161179
18394,YEATS2,ENSG00000163872
18395,YEATS4,ENSG00000127337
18396,YES1,ENSG00000176105
18397,YIF1A,ENSG00000174851
18398,YIF1B,ENSG00000167645
18399,YIPF1,ENSG00000058799
18400,YIPF2,ENSG00000130733
18401,YIPF3,ENSG00000137207
18402,YIPF4,ENSG00000119820
18403,YIPF5,ENSG00000145817
18404,YIPF6,ENSG00000181704
18405,YIPF7,ENSG00000177752
18406,YJEFN3,ENSG00000250067
18407,YJU2,ENSG00000105248
18408,YJU2B,ENSG00000104957
18409,YKT6,ENSG00000106636
18410,YLPM1,ENSG00000119596
18411,YME1L1,ENSG00000136758
18412,YOD1,ENSG00000180667
18413,YPEL1,ENSG00000100027
18414,YPEL2,ENSG00000175155
18415,YPEL3,ENSG00000090238
18416,YPEL4,ENSG00000166793
18417,YPEL5,ENSG00000119801
18418,YRDC,ENSG00000196449
18419,YTHDC1,ENSG00000083896
18420,YTHDC2,ENSG00000047188
18421,YTHDF1,ENSG00000149658
18422,YTHDF2,ENSG00000198492
18423,YTHDF3,ENSG00000185728
18424,YWHAB,ENSG00000166913
18425,YWHAE,ENSG00000108953
18426,YWHAG,ENSG00000170027
18427,YWHAH,ENSG00000128245
18428,YWHAQ,ENSG00000134308
18429,YWHAZ,ENSG00000164924
18430,YY1,ENSG00000100811
18431,YY1AP1,ENSG00000163374
18432,YY2,ENSG00000230797
18433,ZACN,ENSG00000186919
18434,ZAN,ENSG00000146839
18435,ZAP70,ENSG00000115085
18436,ZAR1,ENSG00000182223
18437,ZAR1L,ENSG00000189167
18438,ZBBX,ENSG00000169064
18439,ZBED1,ENSG00000214717
18440,ZBED2,ENSG00000177494
18441,ZBED3,ENSG00000132846
18442,ZBED4,ENSG00000100426
18443,ZBED5,ENSG00000236287
18444,ZBED6,ENSG00000257315
18445,ZBP1,ENSG00000124256
18446,ZBTB1,ENSG00000126804
18447,ZBTB2,ENSG00000181472
18448,ZBTB3,ENSG00000185670
18449,ZBTB4,ENSG00000174282
18450,ZBTB5,ENSG00000168795
18451,ZBTB6,ENSG00000186130
18452,ZBTB7A,ENSG00000178951
18453,ZBTB7B,ENSG00000160685
18454,ZBTB7C,ENSG00000184828
18455,ZBTB8A,ENSG00000160062
18456,ZBTB8B,ENSG00000273274
18457,ZBTB8OS,ENSG00000176261
18458,ZBTB9,ENSG00000213588
18459,ZBTB10,ENSG00000205189
18460,ZBTB11,ENSG00000066422
18461,ZBTB12,ENSG00000204366
18462,ZBTB14,ENSG00000198081
18463,ZBTB16,ENSG00000109906
18464,ZBTB17,ENSG00000116809
18465,ZBTB18,ENSG00000179456
18466,ZBTB20,ENSG00000181722
18467,ZBTB21,ENSG00000173276
18468,ZBTB22,ENSG00000236104
18469,ZBTB24,ENSG00000112365
18470,ZBTB25,ENSG00000089775
18471,ZBTB26,ENSG00000171448
18472,ZBTB32,ENSG00000011590
18473,ZBTB33,ENSG00000177485
18474,ZBTB34,ENSG00000177125
18475,ZBTB37,ENSG00000185278
18476,ZBTB38,ENSG00000177311
18477,ZBTB39,ENSG00000166860
18478,ZBTB40,ENSG00000184677
18479,ZBTB41,ENSG00000177888
18480,ZBTB42,ENSG00000179627
18481,ZBTB43,ENSG00000169155
18482,ZBTB44,ENSG00000196323
18483,ZBTB45,ENSG00000119574
18484,ZBTB46,ENSG00000130584
18485,ZBTB47,ENSG00000114853
18486,ZBTB48,ENSG00000204859
18487,ZBTB49,ENSG00000168826
18488,ZC2HC1A,ENSG00000104427
18489,ZC2HC1B,ENSG00000118491
18490,ZC2HC1C,ENSG00000119703
18491,ZC3H3,ENSG00000014164
18492,ZC3H4,ENSG00000130749
18493,ZC3H6,ENSG00000188177
18494,ZC3H7A,ENSG00000122299
18495,ZC3H7B,ENSG00000100403
18496,ZC3H8,ENSG00000144161
18497,ZC3H10,ENSG00000135482
18498,ZC3H11A,ENSG00000058673
18499,ZC3H11B,ENSG00000215817
18500,ZC3H11C,ENSG00000214558
18501,ZC3H12A,ENSG00000163874
18502,ZC3H12B,ENSG00000102053
18503,ZC3H12C,ENSG00000149289
18504,ZC3H12D,ENSG00000178199
18505,ZC3H13,ENSG00000123200
18506,ZC3H14,ENSG00000100722
18507,ZC3H15,ENSG00000065548
18508,ZC3H18,ENSG00000158545
18509,ZC3HAV1,ENSG00000105939
18510,ZC3HAV1L,ENSG00000146858
18511,ZC3HC1,ENSG00000091732
18512,ZC4H2,ENSG00000126970
18513,ZCCHC2,ENSG00000141664
18514,ZCCHC3,ENSG00000247315
18515,ZCCHC4,ENSG00000168228
18516,ZCCHC7,ENSG00000147905
18517,ZCCHC8,ENSG00000033030
18518,ZCCHC9,ENSG00000131732
18519,ZCCHC10,ENSG00000155329
18520,ZCCHC12,ENSG00000174460
18521,ZCCHC13,ENSG00000187969
18522,ZCCHC14,ENSG00000140948
18523,ZCCHC17,ENSG00000121766
18524,ZCCHC18,ENSG00000166707
18525,ZCCHC24,ENSG00000165424
18526,ZCRB1,ENSG00000139168
18527,ZCWPW1,ENSG00000078487
18528,ZCWPW2,ENSG00000206559
18529,ZDBF2,ENSG00000204186
18530,ZDHHC1,ENSG00000159714
18531,ZDHHC2,ENSG00000104219
18532,ZDHHC3,ENSG00000163812
18533,ZDHHC4,ENSG00000136247
18534,ZDHHC5,ENSG00000156599
18535,ZDHHC6,ENSG00000023041
18536,ZDHHC7,ENSG00000153786
18537,ZDHHC8,ENSG00000099904
18538,ZDHHC9,ENSG00000188706
18539,ZDHHC11,ENSG00000188818
18540,ZDHHC11B,ENSG00000206077
18541,ZDHHC12,ENSG00000160446
18542,ZDHHC13,ENSG00000177054
18543,ZDHHC14,ENSG00000175048
18544,ZDHHC15,ENSG00000102383
18545,ZDHHC16,ENSG00000171307
18546,ZDHHC17,ENSG00000186908
18547,ZDHHC18,ENSG00000204160
18548,ZDHHC19,ENSG00000163958
18549,ZDHHC20,ENSG00000180776
18550,ZDHHC21,ENSG00000175893
18551,ZDHHC22,ENSG00000177108
18552,ZDHHC23,ENSG00000184307
18553,ZDHHC24,ENSG00000174165
18554,ZEB1,ENSG00000148516
18555,ZEB2,ENSG00000169554
18556,ZER1,ENSG00000160445
18557,ZFAND1,ENSG00000104231
18558,ZFAND2A,ENSG00000178381
18559,ZFAND2B,ENSG00000158552
18560,ZFAND3,ENSG00000156639
18561,ZFAND4,ENSG00000172671
18562,ZFAND5,ENSG00000107372
18563,ZFAND6,ENSG00000086666
18564,ZFAT,ENSG00000066827